driver_id,experience_years,rating,distance,price,urgency,assigned
1,10,4.8,2199,7160.02,1,1
2,7,4.5,2199,7160.02,1,0
3,5,4.2,2199,7160.02,1,0
4,12,4.9,2199,7160.02,1,0
5,8,4.6,2199,7160.02,1,0
1,10,4.8,344,1153.09,3,1
2,7,4.5,344,1153.09,3,0
3,5,4.2,344,1153.09,3,0
4,12,4.9,344,1153.09,3,1
5,8,4.6,344,1153.09,3,0
1,10,4.8,1646,4141.97,1,0
2,7,4.5,1646,4141.97,1,0
3,5,4.2,1646,4141.97,1,0
4,12,4.9,1646,4141.97,1,0
5,8,4.6,1646,4141.97,1,0
1,10,4.8,2410,4384.92,3,1
2,7,4.5,2410,4384.92,3,0
3,5,4.2,2410,4384.92,3,0
4,12,4.9,2410,4384.92,3,1
5,8,4.6,2410,4384.92,3,0
1,10,4.8,799,2712.83,1,0
2,7,4.5,799,2712.83,1,0
3,5,4.2,799,2712.83,1,0
4,12,4.9,799,2712.83,1,0
5,8,4.6,799,2712.83,1,0
1,10,4.8,363,1219.9,1,0
2,7,4.5,363,1219.9,1,0
3,5,4.2,363,1219.9,1,0
4,12,4.9,363,1219.9,1,0
5,8,4.6,363,1219.9,1,0
1,10,4.8,378,718.95,2,1
2,7,4.5,378,718.95,2,0
3,5,4.2,378,718.95,2,0
4,12,4.9,378,718.95,2,0
5,8,4.6,378,718.95,2,0
1,10,4.8,908,2205.31,1,1
2,7,4.5,908,2205.31,1,0
3,5,4.2,908,2205.31,1,0
4,12,4.9,908,2205.31,1,0
5,8,4.6,908,2205.31,1,0
1,10,4.8,2061,3901.23,2,0
2,7,4.5,2061,3901.23,2,0
3,5,4.2,2061,3901.23,2,0
4,12,4.9,2061,3901.23,2,0
5,8,4.6,2061,3901.23,2,1
1,10,4.8,341,710.03,1,0
2,7,4.5,341,710.03,1,0
3,5,4.2,341,710.03,1,0
4,12,4.9,341,710.03,1,0
5,8,4.6,341,710.03,1,1
1,10,4.8,2196,7598.2,3,1
2,7,4.5,2196,7598.2,3,0
3,5,4.2,2196,7598.2,3,0
4,12,4.9,2196,7598.2,3,1
5,8,4.6,2196,7598.2,3,0
1,10,4.8,480,1384.06,2,0
2,7,4.5,480,1384.06,2,0
3,5,4.2,480,1384.06,2,0
4,12,4.9,480,1384.06,2,0
5,8,4.6,480,1384.06,2,0
1,10,4.8,1857,3767.83,2,0
2,7,4.5,1857,3767.83,2,0
3,5,4.2,1857,3767.83,2,0
4,12,4.9,1857,3767.83,2,0
5,8,4.6,1857,3767.83,2,1
1,10,4.8,2232,4446.21,3,1
2,7,4.5,2232,4446.21,3,0
3,5,4.2,2232,4446.21,3,0
4,12,4.9,2232,4446.21,3,1
5,8,4.6,2232,4446.21,3,0
1,10,4.8,445,1383.43,3,1
2,7,4.5,445,1383.43,3,0
3,5,4.2,445,1383.43,3,0
4,12,4.9,445,1383.43,3,1
5,8,4.6,445,1383.43,3,0
1,10,4.8,1613,5561.86,2,0
2,7,4.5,1613,5561.86,2,0
3,5,4.2,1613,5561.86,2,0
4,12,4.9,1613,5561.86,2,0
5,8,4.6,1613,5561.86,2,1
1,10,4.8,872,2561.96,2,0
2,7,4.5,872,2561.96,2,0
3,5,4.2,872,2561.96,2,0
4,12,4.9,872,2561.96,2,0
5,8,4.6,872,2561.96,2,1
1,10,4.8,286,740.53,3,1
2,7,4.5,286,740.53,3,0
3,5,4.2,286,740.53,3,0
4,12,4.9,286,740.53,3,1
5,8,4.6,286,740.53,3,0
1,10,4.8,705,1100.04,2,0
2,7,4.5,705,1100.04,2,0
3,5,4.2,705,1100.04,2,0
4,12,4.9,705,1100.04,2,1
5,8,4.6,705,1100.04,2,0
1,10,4.8,1063,2396.48,2,0
2,7,4.5,1063,2396.48,2,0
3,5,4.2,1063,2396.48,2,0
4,12,4.9,1063,2396.48,2,1
5,8,4.6,1063,2396.48,2,0
1,10,4.8,1165,2953.82,3,1
2,7,4.5,1165,2953.82,3,0
3,5,4.2,1165,2953.82,3,0
4,12,4.9,1165,2953.82,3,1
5,8,4.6,1165,2953.82,3,0
1,10,4.8,2006,3069.16,2,0
2,7,4.5,2006,3069.16,2,0
3,5,4.2,2006,3069.16,2,0
4,12,4.9,2006,3069.16,2,0
5,8,4.6,2006,3069.16,2,0
1,10,4.8,2151,5744.72,1,0
2,7,4.5,2151,5744.72,1,0
3,5,4.2,2151,5744.72,1,0
4,12,4.9,2151,5744.72,1,0
5,8,4.6,2151,5744.72,1,0
1,10,4.8,989,2213.7,2,0
2,7,4.5,989,2213.7,2,0
3,5,4.2,989,2213.7,2,0
4,12,4.9,989,2213.7,2,0
5,8,4.6,989,2213.7,2,1
1,10,4.8,2398,3803.99,2,0
2,7,4.5,2398,3803.99,2,0
3,5,4.2,2398,3803.99,2,0
4,12,4.9,2398,3803.99,2,0
5,8,4.6,2398,3803.99,2,0
1,10,4.8,1305,4502.46,2,1
2,7,4.5,1305,4502.46,2,0
3,5,4.2,1305,4502.46,2,0
4,12,4.9,1305,4502.46,2,0
5,8,4.6,1305,4502.46,2,0
1,10,4.8,325,665.75,1,0
2,7,4.5,325,665.75,1,0
3,5,4.2,325,665.75,1,0
4,12,4.9,325,665.75,1,0
5,8,4.6,325,665.75,1,0
1,10,4.8,1166,3716.95,2,0
2,7,4.5,1166,3716.95,2,0
3,5,4.2,1166,3716.95,2,0
4,12,4.9,1166,3716.95,2,0
5,8,4.6,1166,3716.95,2,0
1,10,4.8,1210,2819.25,1,0
2,7,4.5,1210,2819.25,1,0
3,5,4.2,1210,2819.25,1,0
4,12,4.9,1210,2819.25,1,0
5,8,4.6,1210,2819.25,1,0
1,10,4.8,772,1671.07,2,0
2,7,4.5,772,1671.07,2,0
3,5,4.2,772,1671.07,2,0
4,12,4.9,772,1671.07,2,0
5,8,4.6,772,1671.07,2,1
1,10,4.8,1086,3757.08,3,1
2,7,4.5,1086,3757.08,3,0
3,5,4.2,1086,3757.08,3,0
4,12,4.9,1086,3757.08,3,1
5,8,4.6,1086,3757.08,3,0
1,10,4.8,2460,7033.35,3,1
2,7,4.5,2460,7033.35,3,0
3,5,4.2,2460,7033.35,3,0
4,12,4.9,2460,7033.35,3,1
5,8,4.6,2460,7033.35,3,0
1,10,4.8,538,1308.65,1,0
2,7,4.5,538,1308.65,1,0
3,5,4.2,538,1308.65,1,0
4,12,4.9,538,1308.65,1,0
5,8,4.6,538,1308.65,1,0
1,10,4.8,265,409.96,2,0
2,7,4.5,265,409.96,2,0
3,5,4.2,265,409.96,2,0
4,12,4.9,265,409.96,2,0
5,8,4.6,265,409.96,2,0
1,10,4.8,402,798.96,1,0
2,7,4.5,402,798.96,1,0
3,5,4.2,402,798.96,1,0
4,12,4.9,402,798.96,1,1
5,8,4.6,402,798.96,1,0
1,10,4.8,2457,5886.64,2,1
2,7,4.5,2457,5886.64,2,0
3,5,4.2,2457,5886.64,2,0
4,12,4.9,2457,5886.64,2,0
5,8,4.6,2457,5886.64,2,0
1,10,4.8,2496,7744.21,1,0
2,7,4.5,2496,7744.21,1,0
3,5,4.2,2496,7744.21,1,0
4,12,4.9,2496,7744.21,1,0
5,8,4.6,2496,7744.21,1,0
1,10,4.8,1352,3518.19,2,0
2,7,4.5,1352,3518.19,2,0
3,5,4.2,1352,3518.19,2,0
4,12,4.9,1352,3518.19,2,0
5,8,4.6,1352,3518.19,2,0
1,10,4.8,2471,8255.91,2,0
2,7,4.5,2471,8255.91,2,0
3,5,4.2,2471,8255.91,2,0
4,12,4.9,2471,8255.91,2,0
5,8,4.6,2471,8255.91,2,1
1,10,4.8,523,912.53,3,1
2,7,4.5,523,912.53,3,0
3,5,4.2,523,912.53,3,0
4,12,4.9,523,912.53,3,1
5,8,4.6,523,912.53,3,0
1,10,4.8,829,1964.75,1,0
2,7,4.5,829,1964.75,1,0
3,5,4.2,829,1964.75,1,0
4,12,4.9,829,1964.75,1,0
5,8,4.6,829,1964.75,1,1
1,10,4.8,1162,2159.47,1,0
2,7,4.5,1162,2159.47,1,0
3,5,4.2,1162,2159.47,1,0
4,12,4.9,1162,2159.47,1,0
5,8,4.6,1162,2159.47,1,0
1,10,4.8,1436,2503.78,2,1
2,7,4.5,1436,2503.78,2,0
3,5,4.2,1436,2503.78,2,0
4,12,4.9,1436,2503.78,2,0
5,8,4.6,1436,2503.78,2,0
1,10,4.8,1962,6312.55,3,1
2,7,4.5,1962,6312.55,3,0
3,5,4.2,1962,6312.55,3,0
4,12,4.9,1962,6312.55,3,1
5,8,4.6,1962,6312.55,3,0
1,10,4.8,1063,3532.56,3,1
2,7,4.5,1063,3532.56,3,0
3,5,4.2,1063,3532.56,3,0
4,12,4.9,1063,3532.56,3,1
5,8,4.6,1063,3532.56,3,0
1,10,4.8,1101,3733.58,3,1
2,7,4.5,1101,3733.58,3,0
3,5,4.2,1101,3733.58,3,0
4,12,4.9,1101,3733.58,3,1
5,8,4.6,1101,3733.58,3,0
1,10,4.8,357,871.67,2,0
2,7,4.5,357,871.67,2,0
3,5,4.2,357,871.67,2,0
4,12,4.9,357,871.67,2,0
5,8,4.6,357,871.67,2,0
1,10,4.8,1870,5355.57,1,0
2,7,4.5,1870,5355.57,1,0
3,5,4.2,1870,5355.57,1,0
4,12,4.9,1870,5355.57,1,0
5,8,4.6,1870,5355.57,1,0
1,10,4.8,757,1241.15,1,1
2,7,4.5,757,1241.15,1,0
3,5,4.2,757,1241.15,1,0
4,12,4.9,757,1241.15,1,0
5,8,4.6,757,1241.15,1,0
1,10,4.8,751,2443.03,1,0
2,7,4.5,751,2443.03,1,0
3,5,4.2,751,2443.03,1,0
4,12,4.9,751,2443.03,1,0
5,8,4.6,751,2443.03,1,0
1,10,4.8,980,1770.89,2,0
2,7,4.5,980,1770.89,2,0
3,5,4.2,980,1770.89,2,0
4,12,4.9,980,1770.89,2,0
5,8,4.6,980,1770.89,2,0
1,10,4.8,1111,2479.69,2,0
2,7,4.5,1111,2479.69,2,0
3,5,4.2,1111,2479.69,2,0
4,12,4.9,1111,2479.69,2,0
5,8,4.6,1111,2479.69,2,0
1,10,4.8,1531,4782.07,2,0
2,7,4.5,1531,4782.07,2,0
3,5,4.2,1531,4782.07,2,0
4,12,4.9,1531,4782.07,2,0
5,8,4.6,1531,4782.07,2,0
1,10,4.8,2329,4657.21,2,0
2,7,4.5,2329,4657.21,2,0
3,5,4.2,2329,4657.21,2,0
4,12,4.9,2329,4657.21,2,1
5,8,4.6,2329,4657.21,2,0
1,10,4.8,419,1116.65,1,0
2,7,4.5,419,1116.65,1,0
3,5,4.2,419,1116.65,1,0
4,12,4.9,419,1116.65,1,1
5,8,4.6,419,1116.65,1,0
1,10,4.8,2398,6402.71,1,1
2,7,4.5,2398,6402.71,1,0
3,5,4.2,2398,6402.71,1,0
4,12,4.9,2398,6402.71,1,0
5,8,4.6,2398,6402.71,1,0
1,10,4.8,1691,3818.13,2,0
2,7,4.5,1691,3818.13,2,0
3,5,4.2,1691,3818.13,2,0
4,12,4.9,1691,3818.13,2,0
5,8,4.6,1691,3818.13,2,0
1,10,4.8,1833,4676.44,3,1
2,7,4.5,1833,4676.44,3,0
3,5,4.2,1833,4676.44,3,0
4,12,4.9,1833,4676.44,3,1
5,8,4.6,1833,4676.44,3,0
1,10,4.8,458,1504.68,1,0
2,7,4.5,458,1504.68,1,0
3,5,4.2,458,1504.68,1,0
4,12,4.9,458,1504.68,1,0
5,8,4.6,458,1504.68,1,0
1,10,4.8,1817,3729.22,1,0
2,7,4.5,1817,3729.22,1,0
3,5,4.2,1817,3729.22,1,0
4,12,4.9,1817,3729.22,1,0
5,8,4.6,1817,3729.22,1,0
1,10,4.8,443,1245.72,3,1
2,7,4.5,443,1245.72,3,0
3,5,4.2,443,1245.72,3,0
4,12,4.9,443,1245.72,3,1
5,8,4.6,443,1245.72,3,0
1,10,4.8,1418,3250.23,1,0
2,7,4.5,1418,3250.23,1,0
3,5,4.2,1418,3250.23,1,0
4,12,4.9,1418,3250.23,1,0
5,8,4.6,1418,3250.23,1,1
1,10,4.8,1938,3361.9,2,0
2,7,4.5,1938,3361.9,2,0
3,5,4.2,1938,3361.9,2,0
4,12,4.9,1938,3361.9,2,0
5,8,4.6,1938,3361.9,2,1
1,10,4.8,1663,3816.53,2,1
2,7,4.5,1663,3816.53,2,0
3,5,4.2,1663,3816.53,2,0
4,12,4.9,1663,3816.53,2,0
5,8,4.6,1663,3816.53,2,0
1,10,4.8,1189,2240.3,1,0
2,7,4.5,1189,2240.3,1,0
3,5,4.2,1189,2240.3,1,0
4,12,4.9,1189,2240.3,1,0
5,8,4.6,1189,2240.3,1,0
1,10,4.8,946,1935.01,2,0
2,7,4.5,946,1935.01,2,0
3,5,4.2,946,1935.01,2,0
4,12,4.9,946,1935.01,2,1
5,8,4.6,946,1935.01,2,0
1,10,4.8,2249,4724.48,1,0
2,7,4.5,2249,4724.48,1,0
3,5,4.2,2249,4724.48,1,0
4,12,4.9,2249,4724.48,1,0
5,8,4.6,2249,4724.48,1,0
1,10,4.8,1189,2562.34,3,1
2,7,4.5,1189,2562.34,3,0
3,5,4.2,1189,2562.34,3,0
4,12,4.9,1189,2562.34,3,1
5,8,4.6,1189,2562.34,3,0
1,10,4.8,612,1335.01,1,1
2,7,4.5,612,1335.01,1,0
3,5,4.2,612,1335.01,1,0
4,12,4.9,612,1335.01,1,0
5,8,4.6,612,1335.01,1,0
1,10,4.8,951,2950.6,3,1
2,7,4.5,951,2950.6,3,0
3,5,4.2,951,2950.6,3,0
4,12,4.9,951,2950.6,3,1
5,8,4.6,951,2950.6,3,0
1,10,4.8,539,1064.13,3,1
2,7,4.5,539,1064.13,3,0
3,5,4.2,539,1064.13,3,0
4,12,4.9,539,1064.13,3,1
5,8,4.6,539,1064.13,3,0
1,10,4.8,1247,3740.0,3,1
2,7,4.5,1247,3740.0,3,0
3,5,4.2,1247,3740.0,3,0
4,12,4.9,1247,3740.0,3,1
5,8,4.6,1247,3740.0,3,0
1,10,4.8,1483,2440.11,1,0
2,7,4.5,1483,2440.11,1,0
3,5,4.2,1483,2440.11,1,0
4,12,4.9,1483,2440.11,1,0
5,8,4.6,1483,2440.11,1,0
1,10,4.8,726,1729.3,3,1
2,7,4.5,726,1729.3,3,0
3,5,4.2,726,1729.3,3,0
4,12,4.9,726,1729.3,3,1
5,8,4.6,726,1729.3,3,0
1,10,4.8,1112,3568.42,3,1
2,7,4.5,1112,3568.42,3,0
3,5,4.2,1112,3568.42,3,0
4,12,4.9,1112,3568.42,3,1
5,8,4.6,1112,3568.42,3,0
1,10,4.8,1237,3099.64,1,1
2,7,4.5,1237,3099.64,1,0
3,5,4.2,1237,3099.64,1,0
4,12,4.9,1237,3099.64,1,0
5,8,4.6,1237,3099.64,1,0
1,10,4.8,1563,3581.05,2,0
2,7,4.5,1563,3581.05,2,0
3,5,4.2,1563,3581.05,2,0
4,12,4.9,1563,3581.05,2,0
5,8,4.6,1563,3581.05,2,1
1,10,4.8,1095,3485.15,3,1
2,7,4.5,1095,3485.15,3,0
3,5,4.2,1095,3485.15,3,0
4,12,4.9,1095,3485.15,3,1
5,8,4.6,1095,3485.15,3,0
1,10,4.8,1846,5679.4,2,0
2,7,4.5,1846,5679.4,2,0
3,5,4.2,1846,5679.4,2,0
4,12,4.9,1846,5679.4,2,0
5,8,4.6,1846,5679.4,2,0
1,10,4.8,2371,4125.93,3,1
2,7,4.5,2371,4125.93,3,0
3,5,4.2,2371,4125.93,3,0
4,12,4.9,2371,4125.93,3,1
5,8,4.6,2371,4125.93,3,0
1,10,4.8,458,1132.0,1,0
2,7,4.5,458,1132.0,1,0
3,5,4.2,458,1132.0,1,0
4,12,4.9,458,1132.0,1,1
5,8,4.6,458,1132.0,1,0
1,10,4.8,603,1079.46,3,1
2,7,4.5,603,1079.46,3,0
3,5,4.2,603,1079.46,3,0
4,12,4.9,603,1079.46,3,1
5,8,4.6,603,1079.46,3,0
1,10,4.8,601,1404.0,2,0
2,7,4.5,601,1404.0,2,0
3,5,4.2,601,1404.0,2,0
4,12,4.9,601,1404.0,2,1
5,8,4.6,601,1404.0,2,0
1,10,4.8,421,1468.68,2,0
2,7,4.5,421,1468.68,2,0
3,5,4.2,421,1468.68,2,0
4,12,4.9,421,1468.68,2,1
5,8,4.6,421,1468.68,2,0
1,10,4.8,783,2320.37,2,0
2,7,4.5,783,2320.37,2,0
3,5,4.2,783,2320.37,2,0
4,12,4.9,783,2320.37,2,1
5,8,4.6,783,2320.37,2,0
1,10,4.8,1931,3013.91,2,0
2,7,4.5,1931,3013.91,2,0
3,5,4.2,1931,3013.91,2,0
4,12,4.9,1931,3013.91,2,0
5,8,4.6,1931,3013.91,2,0
1,10,4.8,698,1131.26,3,1
2,7,4.5,698,1131.26,3,0
3,5,4.2,698,1131.26,3,0
4,12,4.9,698,1131.26,3,1
5,8,4.6,698,1131.26,3,1
1,10,4.8,2068,6917.6,2,0
2,7,4.5,2068,6917.6,2,0
3,5,4.2,2068,6917.6,2,0
4,12,4.9,2068,6917.6,2,0
5,8,4.6,2068,6917.6,2,0
1,10,4.8,2196,6932.5,1,0
2,7,4.5,2196,6932.5,1,0
3,5,4.2,2196,6932.5,1,0
4,12,4.9,2196,6932.5,1,0
5,8,4.6,2196,6932.5,1,1
1,10,4.8,631,1617.64,1,0
2,7,4.5,631,1617.64,1,0
3,5,4.2,631,1617.64,1,0
4,12,4.9,631,1617.64,1,1
5,8,4.6,631,1617.64,1,0
1,10,4.8,307,693.82,2,0
2,7,4.5,307,693.82,2,0
3,5,4.2,307,693.82,2,0
4,12,4.9,307,693.82,2,0
5,8,4.6,307,693.82,2,0
1,10,4.8,1150,3188.26,3,1
2,7,4.5,1150,3188.26,3,0
3,5,4.2,1150,3188.26,3,0
4,12,4.9,1150,3188.26,3,1
5,8,4.6,1150,3188.26,3,0
1,10,4.8,1424,3286.55,1,1
2,7,4.5,1424,3286.55,1,0
3,5,4.2,1424,3286.55,1,0
4,12,4.9,1424,3286.55,1,0
5,8,4.6,1424,3286.55,1,0
1,10,4.8,2365,6660.47,3,1
2,7,4.5,2365,6660.47,3,0
3,5,4.2,2365,6660.47,3,0
4,12,4.9,2365,6660.47,3,1
5,8,4.6,2365,6660.47,3,0
1,10,4.8,404,1131.24,1,1
2,7,4.5,404,1131.24,1,0
3,5,4.2,404,1131.24,1,0
4,12,4.9,404,1131.24,1,0
5,8,4.6,404,1131.24,1,0
1,10,4.8,1231,2170.91,2,1
2,7,4.5,1231,2170.91,2,0
3,5,4.2,1231,2170.91,2,0
4,12,4.9,1231,2170.91,2,0
5,8,4.6,1231,2170.91,2,0
1,10,4.8,2237,5778.82,1,0
2,7,4.5,2237,5778.82,1,0
3,5,4.2,2237,5778.82,1,0
4,12,4.9,2237,5778.82,1,0
5,8,4.6,2237,5778.82,1,1
1,10,4.8,1390,3991.61,1,0
2,7,4.5,1390,3991.61,1,0
3,5,4.2,1390,3991.61,1,0
4,12,4.9,1390,3991.61,1,1
5,8,4.6,1390,3991.61,1,0
1,10,4.8,697,2365.63,3,1
2,7,4.5,697,2365.63,3,0
3,5,4.2,697,2365.63,3,0
4,12,4.9,697,2365.63,3,1
5,8,4.6,697,2365.63,3,0
1,10,4.8,1355,3673.04,3,1
2,7,4.5,1355,3673.04,3,0
3,5,4.2,1355,3673.04,3,0
4,12,4.9,1355,3673.04,3,1
5,8,4.6,1355,3673.04,3,0
1,10,4.8,1275,4111.07,2,0
2,7,4.5,1275,4111.07,2,0
3,5,4.2,1275,4111.07,2,0
4,12,4.9,1275,4111.07,2,0
5,8,4.6,1275,4111.07,2,0
1,10,4.8,2132,4573.08,3,1
2,7,4.5,2132,4573.08,3,0
3,5,4.2,2132,4573.08,3,0
4,12,4.9,2132,4573.08,3,1
5,8,4.6,2132,4573.08,3,0
1,10,4.8,1919,3433.84,1,0
2,7,4.5,1919,3433.84,1,0
3,5,4.2,1919,3433.84,1,0
4,12,4.9,1919,3433.84,1,0
5,8,4.6,1919,3433.84,1,0
1,10,4.8,2298,4678.14,2,0
2,7,4.5,2298,4678.14,2,0
3,5,4.2,2298,4678.14,2,0
4,12,4.9,2298,4678.14,2,0
5,8,4.6,2298,4678.14,2,0
1,10,4.8,955,1819.5,1,0
2,7,4.5,955,1819.5,1,0
3,5,4.2,955,1819.5,1,0
4,12,4.9,955,1819.5,1,1
5,8,4.6,955,1819.5,1,0
1,10,4.8,1498,3082.16,1,0
2,7,4.5,1498,3082.16,1,0
3,5,4.2,1498,3082.16,1,0
4,12,4.9,1498,3082.16,1,0
5,8,4.6,1498,3082.16,1,0
1,10,4.8,1474,4637.14,3,1
2,7,4.5,1474,4637.14,3,0
3,5,4.2,1474,4637.14,3,0
4,12,4.9,1474,4637.14,3,1
5,8,4.6,1474,4637.14,3,0
1,10,4.8,2335,7609.36,2,0
2,7,4.5,2335,7609.36,2,0
3,5,4.2,2335,7609.36,2,0
4,12,4.9,2335,7609.36,2,0
5,8,4.6,2335,7609.36,2,0
1,10,4.8,630,1346.55,1,0
2,7,4.5,630,1346.55,1,0
3,5,4.2,630,1346.55,1,0
4,12,4.9,630,1346.55,1,0
5,8,4.6,630,1346.55,1,0
1,10,4.8,596,2056.87,3,1
2,7,4.5,596,2056.87,3,0
3,5,4.2,596,2056.87,3,0
4,12,4.9,596,2056.87,3,1
5,8,4.6,596,2056.87,3,0
1,10,4.8,393,1297.78,1,0
2,7,4.5,393,1297.78,1,0
3,5,4.2,393,1297.78,1,0
4,12,4.9,393,1297.78,1,0
5,8,4.6,393,1297.78,1,0
1,10,4.8,2349,7225.64,3,1
2,7,4.5,2349,7225.64,3,0
3,5,4.2,2349,7225.64,3,0
4,12,4.9,2349,7225.64,3,1
5,8,4.6,2349,7225.64,3,0
1,10,4.8,803,1798.33,1,1
2,7,4.5,803,1798.33,1,0
3,5,4.2,803,1798.33,1,0
4,12,4.9,803,1798.33,1,0
5,8,4.6,803,1798.33,1,0
1,10,4.8,1591,3126.1,1,0
2,7,4.5,1591,3126.1,1,0
3,5,4.2,1591,3126.1,1,0
4,12,4.9,1591,3126.1,1,0
5,8,4.6,1591,3126.1,1,0
1,10,4.8,848,1487.58,1,0
2,7,4.5,848,1487.58,1,0
3,5,4.2,848,1487.58,1,0
4,12,4.9,848,1487.58,1,0
5,8,4.6,848,1487.58,1,1
1,10,4.8,2181,5740.74,1,0
2,7,4.5,2181,5740.74,1,0
3,5,4.2,2181,5740.74,1,0
4,12,4.9,2181,5740.74,1,1
5,8,4.6,2181,5740.74,1,0
1,10,4.8,1104,2435.14,3,1
2,7,4.5,1104,2435.14,3,0
3,5,4.2,1104,2435.14,3,0
4,12,4.9,1104,2435.14,3,1
5,8,4.6,1104,2435.14,3,0
1,10,4.8,885,1565.94,2,0
2,7,4.5,885,1565.94,2,0
3,5,4.2,885,1565.94,2,0
4,12,4.9,885,1565.94,2,0
5,8,4.6,885,1565.94,2,0
1,10,4.8,2257,7744.6,2,0
2,7,4.5,2257,7744.6,2,0
3,5,4.2,2257,7744.6,2,0
4,12,4.9,2257,7744.6,2,1
5,8,4.6,2257,7744.6,2,0
1,10,4.8,1945,5636.66,1,1
2,7,4.5,1945,5636.66,1,0
3,5,4.2,1945,5636.66,1,0
4,12,4.9,1945,5636.66,1,0
5,8,4.6,1945,5636.66,1,0
1,10,4.8,1367,4504.46,2,0
2,7,4.5,1367,4504.46,2,0
3,5,4.2,1367,4504.46,2,0
4,12,4.9,1367,4504.46,2,1
5,8,4.6,1367,4504.46,2,0
1,10,4.8,910,2219.14,1,0
2,7,4.5,910,2219.14,1,0
3,5,4.2,910,2219.14,1,0
4,12,4.9,910,2219.14,1,0
5,8,4.6,910,2219.14,1,0
1,10,4.8,536,1602.24,2,0
2,7,4.5,536,1602.24,2,0
3,5,4.2,536,1602.24,2,0
4,12,4.9,536,1602.24,2,0
5,8,4.6,536,1602.24,2,0
1,10,4.8,258,687.1,3,1
2,7,4.5,258,687.1,3,0
3,5,4.2,258,687.1,3,0
4,12,4.9,258,687.1,3,1
5,8,4.6,258,687.1,3,1
1,10,4.8,155,449.2,1,0
2,7,4.5,155,449.2,1,0
3,5,4.2,155,449.2,1,0
4,12,4.9,155,449.2,1,0
5,8,4.6,155,449.2,1,0
1,10,4.8,922,3147.75,2,0
2,7,4.5,922,3147.75,2,0
3,5,4.2,922,3147.75,2,0
4,12,4.9,922,3147.75,2,0
5,8,4.6,922,3147.75,2,1
1,10,4.8,326,802.44,3,1
2,7,4.5,326,802.44,3,0
3,5,4.2,326,802.44,3,0
4,12,4.9,326,802.44,3,1
5,8,4.6,326,802.44,3,0
1,10,4.8,232,389.33,3,1
2,7,4.5,232,389.33,3,0
3,5,4.2,232,389.33,3,0
4,12,4.9,232,389.33,3,1
5,8,4.6,232,389.33,3,0
1,10,4.8,1287,2022.99,3,1
2,7,4.5,1287,2022.99,3,0
3,5,4.2,1287,2022.99,3,0
4,12,4.9,1287,2022.99,3,1
5,8,4.6,1287,2022.99,3,0
1,10,4.8,1839,6259.3,1,0
2,7,4.5,1839,6259.3,1,0
3,5,4.2,1839,6259.3,1,0
4,12,4.9,1839,6259.3,1,1
5,8,4.6,1839,6259.3,1,0
1,10,4.8,2434,7285.18,2,0
2,7,4.5,2434,7285.18,2,0
3,5,4.2,2434,7285.18,2,0
4,12,4.9,2434,7285.18,2,0
5,8,4.6,2434,7285.18,2,0
1,10,4.8,1519,3930.5,3,1
2,7,4.5,1519,3930.5,3,0
3,5,4.2,1519,3930.5,3,0
4,12,4.9,1519,3930.5,3,1
5,8,4.6,1519,3930.5,3,0
1,10,4.8,1656,4311.64,1,1
2,7,4.5,1656,4311.64,1,0
3,5,4.2,1656,4311.64,1,0
4,12,4.9,1656,4311.64,1,0
5,8,4.6,1656,4311.64,1,0
1,10,4.8,487,1065.1,3,1
2,7,4.5,487,1065.1,3,0
3,5,4.2,487,1065.1,3,0
4,12,4.9,487,1065.1,3,1
5,8,4.6,487,1065.1,3,0
1,10,4.8,1752,6011.57,1,0
2,7,4.5,1752,6011.57,1,0
3,5,4.2,1752,6011.57,1,0
4,12,4.9,1752,6011.57,1,0
5,8,4.6,1752,6011.57,1,0
1,10,4.8,2261,4277.38,3,1
2,7,4.5,2261,4277.38,3,0
3,5,4.2,2261,4277.38,3,0
4,12,4.9,2261,4277.38,3,1
5,8,4.6,2261,4277.38,3,0
1,10,4.8,1855,3214.23,1,0
2,7,4.5,1855,3214.23,1,0
3,5,4.2,1855,3214.23,1,0
4,12,4.9,1855,3214.23,1,0
5,8,4.6,1855,3214.23,1,0
1,10,4.8,204,318.5,1,0
2,7,4.5,204,318.5,1,0
3,5,4.2,204,318.5,1,0
4,12,4.9,204,318.5,1,0
5,8,4.6,204,318.5,1,0
1,10,4.8,602,961.31,3,1
2,7,4.5,602,961.31,3,0
3,5,4.2,602,961.31,3,0
4,12,4.9,602,961.31,3,1
5,8,4.6,602,961.31,3,0
1,10,4.8,1023,3426.28,2,0
2,7,4.5,1023,3426.28,2,0
3,5,4.2,1023,3426.28,2,0
4,12,4.9,1023,3426.28,2,0
5,8,4.6,1023,3426.28,2,0
1,10,4.8,914,1426.61,3,1
2,7,4.5,914,1426.61,3,0
3,5,4.2,914,1426.61,3,0
4,12,4.9,914,1426.61,3,1
5,8,4.6,914,1426.61,3,0
1,10,4.8,2243,7260.08,1,0
2,7,4.5,2243,7260.08,1,0
3,5,4.2,2243,7260.08,1,0
4,12,4.9,2243,7260.08,1,1
5,8,4.6,2243,7260.08,1,0
1,10,4.8,1011,2858.63,3,1
2,7,4.5,1011,2858.63,3,0
3,5,4.2,1011,2858.63,3,0
4,12,4.9,1011,2858.63,3,1
5,8,4.6,1011,2858.63,3,0
1,10,4.8,1254,3796.62,1,0
2,7,4.5,1254,3796.62,1,0
3,5,4.2,1254,3796.62,1,0
4,12,4.9,1254,3796.62,1,0
5,8,4.6,1254,3796.62,1,0
1,10,4.8,2035,5731.68,1,0
2,7,4.5,2035,5731.68,1,0
3,5,4.2,2035,5731.68,1,0
4,12,4.9,2035,5731.68,1,0
5,8,4.6,2035,5731.68,1,0
1,10,4.8,1291,3659.92,3,1
2,7,4.5,1291,3659.92,3,0
3,5,4.2,1291,3659.92,3,0
4,12,4.9,1291,3659.92,3,1
5,8,4.6,1291,3659.92,3,0
1,10,4.8,2356,4610.47,2,1
2,7,4.5,2356,4610.47,2,0
3,5,4.2,2356,4610.47,2,0
4,12,4.9,2356,4610.47,2,0
5,8,4.6,2356,4610.47,2,0
1,10,4.8,1977,4723.59,1,0
2,7,4.5,1977,4723.59,1,0
3,5,4.2,1977,4723.59,1,0
4,12,4.9,1977,4723.59,1,0
5,8,4.6,1977,4723.59,1,0
1,10,4.8,2474,3959.54,1,0
2,7,4.5,2474,3959.54,1,0
3,5,4.2,2474,3959.54,1,0
4,12,4.9,2474,3959.54,1,0
5,8,4.6,2474,3959.54,1,0
1,10,4.8,2218,6771.54,1,0
2,7,4.5,2218,6771.54,1,0
3,5,4.2,2218,6771.54,1,0
4,12,4.9,2218,6771.54,1,0
5,8,4.6,2218,6771.54,1,0
1,10,4.8,743,2457.43,3,1
2,7,4.5,743,2457.43,3,0
3,5,4.2,743,2457.43,3,0
4,12,4.9,743,2457.43,3,1
5,8,4.6,743,2457.43,3,0
1,10,4.8,1279,2651.18,3,1
2,7,4.5,1279,2651.18,3,0
3,5,4.2,1279,2651.18,3,0
4,12,4.9,1279,2651.18,3,1
5,8,4.6,1279,2651.18,3,0
1,10,4.8,1358,4187.7,1,1
2,7,4.5,1358,4187.7,1,0
3,5,4.2,1358,4187.7,1,0
4,12,4.9,1358,4187.7,1,0
5,8,4.6,1358,4187.7,1,0
1,10,4.8,362,724.82,3,1
2,7,4.5,362,724.82,3,0
3,5,4.2,362,724.82,3,0
4,12,4.9,362,724.82,3,1
5,8,4.6,362,724.82,3,0
1,10,4.8,2321,7754.71,3,1
2,7,4.5,2321,7754.71,3,0
3,5,4.2,2321,7754.71,3,0
4,12,4.9,2321,7754.71,3,1
5,8,4.6,2321,7754.71,3,0
1,10,4.8,693,2400.25,2,1
2,7,4.5,693,2400.25,2,0
3,5,4.2,693,2400.25,2,0
4,12,4.9,693,2400.25,2,0
5,8,4.6,693,2400.25,2,0
1,10,4.8,140,470.18,1,0
2,7,4.5,140,470.18,1,0
3,5,4.2,140,470.18,1,0
4,12,4.9,140,470.18,1,0
5,8,4.6,140,470.18,1,0
1,10,4.8,1102,2687.34,3,1
2,7,4.5,1102,2687.34,3,0
3,5,4.2,1102,2687.34,3,0
4,12,4.9,1102,2687.34,3,1
5,8,4.6,1102,2687.34,3,0
1,10,4.8,2027,3461.75,1,0
2,7,4.5,2027,3461.75,1,0
3,5,4.2,2027,3461.75,1,0
4,12,4.9,2027,3461.75,1,0
5,8,4.6,2027,3461.75,1,1
1,10,4.8,503,943.97,3,1
2,7,4.5,503,943.97,3,0
3,5,4.2,503,943.97,3,0
4,12,4.9,503,943.97,3,1
5,8,4.6,503,943.97,3,0
1,10,4.8,424,1301.15,2,0
2,7,4.5,424,1301.15,2,0
3,5,4.2,424,1301.15,2,0
4,12,4.9,424,1301.15,2,0
5,8,4.6,424,1301.15,2,0
1,10,4.8,2078,6733.53,3,1
2,7,4.5,2078,6733.53,3,0
3,5,4.2,2078,6733.53,3,0
4,12,4.9,2078,6733.53,3,1
5,8,4.6,2078,6733.53,3,0
1,10,4.8,1507,3787.56,2,0
2,7,4.5,1507,3787.56,2,0
3,5,4.2,1507,3787.56,2,0
4,12,4.9,1507,3787.56,2,0
5,8,4.6,1507,3787.56,2,1
1,10,4.8,487,1519.87,3,1
2,7,4.5,487,1519.87,3,0
3,5,4.2,487,1519.87,3,0
4,12,4.9,487,1519.87,3,1
5,8,4.6,487,1519.87,3,1
1,10,4.8,1160,3891.53,1,0
2,7,4.5,1160,3891.53,1,0
3,5,4.2,1160,3891.53,1,0
4,12,4.9,1160,3891.53,1,0
5,8,4.6,1160,3891.53,1,0
1,10,4.8,1902,5332.12,2,0
2,7,4.5,1902,5332.12,2,0
3,5,4.2,1902,5332.12,2,0
4,12,4.9,1902,5332.12,2,0
5,8,4.6,1902,5332.12,2,0
1,10,4.8,677,1285.03,1,0
2,7,4.5,677,1285.03,1,0
3,5,4.2,677,1285.03,1,0
4,12,4.9,677,1285.03,1,0
5,8,4.6,677,1285.03,1,1
1,10,4.8,1959,3175.69,1,0
2,7,4.5,1959,3175.69,1,0
3,5,4.2,1959,3175.69,1,0
4,12,4.9,1959,3175.69,1,0
5,8,4.6,1959,3175.69,1,0
1,10,4.8,544,1731.39,2,0
2,7,4.5,544,1731.39,2,0
3,5,4.2,544,1731.39,2,0
4,12,4.9,544,1731.39,2,0
5,8,4.6,544,1731.39,2,0
1,10,4.8,2425,8040.62,1,0
2,7,4.5,2425,8040.62,1,0
3,5,4.2,2425,8040.62,1,0
4,12,4.9,2425,8040.62,1,0
5,8,4.6,2425,8040.62,1,1
1,10,4.8,1172,2410.31,2,0
2,7,4.5,1172,2410.31,2,0
3,5,4.2,1172,2410.31,2,0
4,12,4.9,1172,2410.31,2,1
5,8,4.6,1172,2410.31,2,0
1,10,4.8,1880,4484.63,3,1
2,7,4.5,1880,4484.63,3,0
3,5,4.2,1880,4484.63,3,0
4,12,4.9,1880,4484.63,3,1
5,8,4.6,1880,4484.63,3,0
1,10,4.8,1778,3242.57,2,0
2,7,4.5,1778,3242.57,2,0
3,5,4.2,1778,3242.57,2,0
4,12,4.9,1778,3242.57,2,0
5,8,4.6,1778,3242.57,2,0
1,10,4.8,966,2522.89,1,0
2,7,4.5,966,2522.89,1,0
3,5,4.2,966,2522.89,1,0
4,12,4.9,966,2522.89,1,1
5,8,4.6,966,2522.89,1,0
1,10,4.8,1373,4476.94,3,1
2,7,4.5,1373,4476.94,3,0
3,5,4.2,1373,4476.94,3,0
4,12,4.9,1373,4476.94,3,1
5,8,4.6,1373,4476.94,3,0
1,10,4.8,1839,6118.87,2,1
2,7,4.5,1839,6118.87,2,0
3,5,4.2,1839,6118.87,2,0
4,12,4.9,1839,6118.87,2,0
5,8,4.6,1839,6118.87,2,0
1,10,4.8,1515,3108.75,2,0
2,7,4.5,1515,3108.75,2,0
3,5,4.2,1515,3108.75,2,0
4,12,4.9,1515,3108.75,2,0
5,8,4.6,1515,3108.75,2,1
1,10,4.8,157,304.44,2,0
2,7,4.5,157,304.44,2,0
3,5,4.2,157,304.44,2,0
4,12,4.9,157,304.44,2,0
5,8,4.6,157,304.44,2,1
1,10,4.8,1615,2795.33,2,1
2,7,4.5,1615,2795.33,2,0
3,5,4.2,1615,2795.33,2,0
4,12,4.9,1615,2795.33,2,0
5,8,4.6,1615,2795.33,2,0
1,10,4.8,2090,3546.01,1,0
2,7,4.5,2090,3546.01,1,0
3,5,4.2,2090,3546.01,1,0
4,12,4.9,2090,3546.01,1,0
5,8,4.6,2090,3546.01,1,0
1,10,4.8,2131,5958.27,3,1
2,7,4.5,2131,5958.27,3,0
3,5,4.2,2131,5958.27,3,0
4,12,4.9,2131,5958.27,3,1
5,8,4.6,2131,5958.27,3,0
1,10,4.8,1492,3805.93,2,0
2,7,4.5,1492,3805.93,2,0
3,5,4.2,1492,3805.93,2,0
4,12,4.9,1492,3805.93,2,1
5,8,4.6,1492,3805.93,2,0
1,10,4.8,475,1591.82,2,0
2,7,4.5,475,1591.82,2,0
3,5,4.2,475,1591.82,2,0
4,12,4.9,475,1591.82,2,0
5,8,4.6,475,1591.82,2,1
1,10,4.8,804,1328.7,1,0
2,7,4.5,804,1328.7,1,0
3,5,4.2,804,1328.7,1,0
4,12,4.9,804,1328.7,1,1
5,8,4.6,804,1328.7,1,0
1,10,4.8,1183,2203.24,3,1
2,7,4.5,1183,2203.24,3,0
3,5,4.2,1183,2203.24,3,0
4,12,4.9,1183,2203.24,3,1
5,8,4.6,1183,2203.24,3,0
1,10,4.8,1029,2745.04,1,0
2,7,4.5,1029,2745.04,1,0
3,5,4.2,1029,2745.04,1,0
4,12,4.9,1029,2745.04,1,0
5,8,4.6,1029,2745.04,1,0
1,10,4.8,395,1169.47,1,0
2,7,4.5,395,1169.47,1,0
3,5,4.2,395,1169.47,1,0
4,12,4.9,395,1169.47,1,1
5,8,4.6,395,1169.47,1,0
1,10,4.8,430,1062.61,2,0
2,7,4.5,430,1062.61,2,0
3,5,4.2,430,1062.61,2,0
4,12,4.9,430,1062.61,2,1
5,8,4.6,430,1062.61,2,0
1,10,4.8,2042,3467.0,3,1
2,7,4.5,2042,3467.0,3,0
3,5,4.2,2042,3467.0,3,0
4,12,4.9,2042,3467.0,3,1
5,8,4.6,2042,3467.0,3,1
1,10,4.8,1519,4294.99,3,1
2,7,4.5,1519,4294.99,3,0
3,5,4.2,1519,4294.99,3,0
4,12,4.9,1519,4294.99,3,1
5,8,4.6,1519,4294.99,3,0
1,10,4.8,712,1889.59,2,0
2,7,4.5,712,1889.59,2,0
3,5,4.2,712,1889.59,2,0
4,12,4.9,712,1889.59,2,0
5,8,4.6,712,1889.59,2,0
1,10,4.8,1737,5558.89,2,0
2,7,4.5,1737,5558.89,2,0
3,5,4.2,1737,5558.89,2,0
4,12,4.9,1737,5558.89,2,0
5,8,4.6,1737,5558.89,2,0
1,10,4.8,2046,6762.63,3,1
2,7,4.5,2046,6762.63,3,0
3,5,4.2,2046,6762.63,3,0
4,12,4.9,2046,6762.63,3,1
5,8,4.6,2046,6762.63,3,1
1,10,4.8,1581,5239.33,3,1
2,7,4.5,1581,5239.33,3,0
3,5,4.2,1581,5239.33,3,0
4,12,4.9,1581,5239.33,3,1
5,8,4.6,1581,5239.33,3,1
1,10,4.8,1769,3870.27,2,0
2,7,4.5,1769,3870.27,2,0
3,5,4.2,1769,3870.27,2,0
4,12,4.9,1769,3870.27,2,0
5,8,4.6,1769,3870.27,2,0
1,10,4.8,2081,7218.5,3,1
2,7,4.5,2081,7218.5,3,0
3,5,4.2,2081,7218.5,3,0
4,12,4.9,2081,7218.5,3,1
5,8,4.6,2081,7218.5,3,0
1,10,4.8,1910,2890.8,3,1
2,7,4.5,1910,2890.8,3,0
3,5,4.2,1910,2890.8,3,0
4,12,4.9,1910,2890.8,3,1
5,8,4.6,1910,2890.8,3,0
1,10,4.8,1385,3871.23,3,1
2,7,4.5,1385,3871.23,3,0
3,5,4.2,1385,3871.23,3,0
4,12,4.9,1385,3871.23,3,1
5,8,4.6,1385,3871.23,3,0
1,10,4.8,1361,3212.65,1,1
2,7,4.5,1361,3212.65,1,0
3,5,4.2,1361,3212.65,1,0
4,12,4.9,1361,3212.65,1,0
5,8,4.6,1361,3212.65,1,0
1,10,4.8,1753,5232.95,2,0
2,7,4.5,1753,5232.95,2,0
3,5,4.2,1753,5232.95,2,0
4,12,4.9,1753,5232.95,2,1
5,8,4.6,1753,5232.95,2,0
1,10,4.8,1021,2558.95,2,0
2,7,4.5,1021,2558.95,2,0
3,5,4.2,1021,2558.95,2,0
4,12,4.9,1021,2558.95,2,0
5,8,4.6,1021,2558.95,2,1
1,10,4.8,711,1611.36,1,1
2,7,4.5,711,1611.36,1,0
3,5,4.2,711,1611.36,1,0
4,12,4.9,711,1611.36,1,0
5,8,4.6,711,1611.36,1,0
1,10,4.8,2347,8188.63,2,0
2,7,4.5,2347,8188.63,2,0
3,5,4.2,2347,8188.63,2,0
4,12,4.9,2347,8188.63,2,0
5,8,4.6,2347,8188.63,2,1
1,10,4.8,1604,3888.0,2,0
2,7,4.5,1604,3888.0,2,0
3,5,4.2,1604,3888.0,2,0
4,12,4.9,1604,3888.0,2,1
5,8,4.6,1604,3888.0,2,0
1,10,4.8,1248,1932.84,2,0
2,7,4.5,1248,1932.84,2,0
3,5,4.2,1248,1932.84,2,0
4,12,4.9,1248,1932.84,2,1
5,8,4.6,1248,1932.84,2,0
1,10,4.8,776,2651.09,1,0
2,7,4.5,776,2651.09,1,0
3,5,4.2,776,2651.09,1,0
4,12,4.9,776,2651.09,1,0
5,8,4.6,776,2651.09,1,0
1,10,4.8,122,193.25,1,0
2,7,4.5,122,193.25,1,0
3,5,4.2,122,193.25,1,0
4,12,4.9,122,193.25,1,1
5,8,4.6,122,193.25,1,0
1,10,4.8,2288,4604.67,2,0
2,7,4.5,2288,4604.67,2,0
3,5,4.2,2288,4604.67,2,0
4,12,4.9,2288,4604.67,2,1
5,8,4.6,2288,4604.67,2,0
1,10,4.8,1844,5302.45,2,0
2,7,4.5,1844,5302.45,2,0
3,5,4.2,1844,5302.45,2,0
4,12,4.9,1844,5302.45,2,1
5,8,4.6,1844,5302.45,2,0
1,10,4.8,1117,3688.19,1,0
2,7,4.5,1117,3688.19,1,0
3,5,4.2,1117,3688.19,1,0
4,12,4.9,1117,3688.19,1,0
5,8,4.6,1117,3688.19,1,1
1,10,4.8,1112,2148.64,1,0
2,7,4.5,1112,2148.64,1,0
3,5,4.2,1112,2148.64,1,0
4,12,4.9,1112,2148.64,1,0
5,8,4.6,1112,2148.64,1,0
1,10,4.8,2321,7981.93,3,1
2,7,4.5,2321,7981.93,3,0
3,5,4.2,2321,7981.93,3,0
4,12,4.9,2321,7981.93,3,1
5,8,4.6,2321,7981.93,3,0
1,10,4.8,1633,2835.93,3,1
2,7,4.5,1633,2835.93,3,0
3,5,4.2,1633,2835.93,3,0
4,12,4.9,1633,2835.93,3,1
5,8,4.6,1633,2835.93,3,0
1,10,4.8,703,1352.5,3,1
2,7,4.5,703,1352.5,3,0
3,5,4.2,703,1352.5,3,0
4,12,4.9,703,1352.5,3,1
5,8,4.6,703,1352.5,3,0
1,10,4.8,779,2487.92,2,1
2,7,4.5,779,2487.92,2,0
3,5,4.2,779,2487.92,2,0
4,12,4.9,779,2487.92,2,0
5,8,4.6,779,2487.92,2,0
1,10,4.8,2137,4412.41,3,1
2,7,4.5,2137,4412.41,3,0
3,5,4.2,2137,4412.41,3,0
4,12,4.9,2137,4412.41,3,1
5,8,4.6,2137,4412.41,3,0
1,10,4.8,736,2075.31,2,0
2,7,4.5,736,2075.31,2,0
3,5,4.2,736,2075.31,2,0
4,12,4.9,736,2075.31,2,0
5,8,4.6,736,2075.31,2,0
1,10,4.8,1601,2964.32,1,0
2,7,4.5,1601,2964.32,1,0
3,5,4.2,1601,2964.32,1,0
4,12,4.9,1601,2964.32,1,1
5,8,4.6,1601,2964.32,1,0
1,10,4.8,1673,3070.3,3,1
2,7,4.5,1673,3070.3,3,0
3,5,4.2,1673,3070.3,3,0
4,12,4.9,1673,3070.3,3,1
5,8,4.6,1673,3070.3,3,0
1,10,4.8,1788,3245.54,3,1
2,7,4.5,1788,3245.54,3,0
3,5,4.2,1788,3245.54,3,0
4,12,4.9,1788,3245.54,3,1
5,8,4.6,1788,3245.54,3,0
1,10,4.8,376,778.51,1,0
2,7,4.5,376,778.51,1,0
3,5,4.2,376,778.51,1,0
4,12,4.9,376,778.51,1,0
5,8,4.6,376,778.51,1,0
1,10,4.8,967,1958.03,1,0
2,7,4.5,967,1958.03,1,0
3,5,4.2,967,1958.03,1,0
4,12,4.9,967,1958.03,1,0
5,8,4.6,967,1958.03,1,1
1,10,4.8,1394,2664.84,2,0
2,7,4.5,1394,2664.84,2,0
3,5,4.2,1394,2664.84,2,0
4,12,4.9,1394,2664.84,2,1
5,8,4.6,1394,2664.84,2,0
1,10,4.8,2270,7873.95,2,0
2,7,4.5,2270,7873.95,2,0
3,5,4.2,2270,7873.95,2,0
4,12,4.9,2270,7873.95,2,0
5,8,4.6,2270,7873.95,2,0
1,10,4.8,436,1140.46,3,1
2,7,4.5,436,1140.46,3,0
3,5,4.2,436,1140.46,3,0
4,12,4.9,436,1140.46,3,1
5,8,4.6,436,1140.46,3,0
1,10,4.8,937,1537.33,2,0
2,7,4.5,937,1537.33,2,0
3,5,4.2,937,1537.33,2,0
4,12,4.9,937,1537.33,2,1
5,8,4.6,937,1537.33,2,0
1,10,4.8,479,1653.29,1,0
2,7,4.5,479,1653.29,1,0
3,5,4.2,479,1653.29,1,0
4,12,4.9,479,1653.29,1,0
5,8,4.6,479,1653.29,1,0
1,10,4.8,1147,2427.73,3,1
2,7,4.5,1147,2427.73,3,0
3,5,4.2,1147,2427.73,3,0
4,12,4.9,1147,2427.73,3,1
5,8,4.6,1147,2427.73,3,0
1,10,4.8,1071,2516.87,3,1
2,7,4.5,1071,2516.87,3,0
3,5,4.2,1071,2516.87,3,0
4,12,4.9,1071,2516.87,3,1
5,8,4.6,1071,2516.87,3,0
1,10,4.8,2264,4649.3,3,1
2,7,4.5,2264,4649.3,3,0
3,5,4.2,2264,4649.3,3,0
4,12,4.9,2264,4649.3,3,1
5,8,4.6,2264,4649.3,3,1
1,10,4.8,1281,4346.05,3,1
2,7,4.5,1281,4346.05,3,0
3,5,4.2,1281,4346.05,3,0
4,12,4.9,1281,4346.05,3,1
5,8,4.6,1281,4346.05,3,0
1,10,4.8,1145,3012.92,3,1
2,7,4.5,1145,3012.92,3,0
3,5,4.2,1145,3012.92,3,0
4,12,4.9,1145,3012.92,3,1
5,8,4.6,1145,3012.92,3,0
1,10,4.8,600,1702.81,1,0
2,7,4.5,600,1702.81,1,0
3,5,4.2,600,1702.81,1,0
4,12,4.9,600,1702.81,1,1
5,8,4.6,600,1702.81,1,0
1,10,4.8,1982,3111.67,2,0
2,7,4.5,1982,3111.67,2,0
3,5,4.2,1982,3111.67,2,0
4,12,4.9,1982,3111.67,2,1
5,8,4.6,1982,3111.67,2,0
1,10,4.8,1932,4900.4,2,0
2,7,4.5,1932,4900.4,2,0
3,5,4.2,1932,4900.4,2,0
4,12,4.9,1932,4900.4,2,1
5,8,4.6,1932,4900.4,2,0
1,10,4.8,2356,6151.36,3,1
2,7,4.5,2356,6151.36,3,0
3,5,4.2,2356,6151.36,3,0
4,12,4.9,2356,6151.36,3,1
5,8,4.6,2356,6151.36,3,0
1,10,4.8,806,1828.14,1,1
2,7,4.5,806,1828.14,1,0
3,5,4.2,806,1828.14,1,0
4,12,4.9,806,1828.14,1,0
5,8,4.6,806,1828.14,1,0
1,10,4.8,1392,3492.36,2,0
2,7,4.5,1392,3492.36,2,0
3,5,4.2,1392,3492.36,2,0
4,12,4.9,1392,3492.36,2,0
5,8,4.6,1392,3492.36,2,1
1,10,4.8,958,2002.79,3,1
2,7,4.5,958,2002.79,3,0
3,5,4.2,958,2002.79,3,0
4,12,4.9,958,2002.79,3,1
5,8,4.6,958,2002.79,3,0
1,10,4.8,459,884.64,2,0
2,7,4.5,459,884.64,2,0
3,5,4.2,459,884.64,2,0
4,12,4.9,459,884.64,2,0
5,8,4.6,459,884.64,2,0
1,10,4.8,2438,7155.69,3,1
2,7,4.5,2438,7155.69,3,0
3,5,4.2,2438,7155.69,3,0
4,12,4.9,2438,7155.69,3,1
5,8,4.6,2438,7155.69,3,0
1,10,4.8,1739,5342.86,3,1
2,7,4.5,1739,5342.86,3,0
3,5,4.2,1739,5342.86,3,0
4,12,4.9,1739,5342.86,3,1
5,8,4.6,1739,5342.86,3,0
1,10,4.8,1898,3580.36,1,1
2,7,4.5,1898,3580.36,1,0
3,5,4.2,1898,3580.36,1,0
4,12,4.9,1898,3580.36,1,0
5,8,4.6,1898,3580.36,1,0
1,10,4.8,882,1834.91,3,1
2,7,4.5,882,1834.91,3,0
3,5,4.2,882,1834.91,3,0
4,12,4.9,882,1834.91,3,1
5,8,4.6,882,1834.91,3,0
1,10,4.8,1048,2910.41,1,1
2,7,4.5,1048,2910.41,1,0
3,5,4.2,1048,2910.41,1,0
4,12,4.9,1048,2910.41,1,0
5,8,4.6,1048,2910.41,1,0
1,10,4.8,849,1938.03,3,1
2,7,4.5,849,1938.03,3,0
3,5,4.2,849,1938.03,3,0
4,12,4.9,849,1938.03,3,1
5,8,4.6,849,1938.03,3,0
1,10,4.8,1133,2943.58,2,0
2,7,4.5,1133,2943.58,2,0
3,5,4.2,1133,2943.58,2,0
4,12,4.9,1133,2943.58,2,1
5,8,4.6,1133,2943.58,2,0
1,10,4.8,1630,3028.06,2,0
2,7,4.5,1630,3028.06,2,0
3,5,4.2,1630,3028.06,2,0
4,12,4.9,1630,3028.06,2,0
5,8,4.6,1630,3028.06,2,0
1,10,4.8,311,808.29,1,0
2,7,4.5,311,808.29,1,0
3,5,4.2,311,808.29,1,0
4,12,4.9,311,808.29,1,0
5,8,4.6,311,808.29,1,0
1,10,4.8,1851,5735.9,1,0
2,7,4.5,1851,5735.9,1,0
3,5,4.2,1851,5735.9,1,0
4,12,4.9,1851,5735.9,1,0
5,8,4.6,1851,5735.9,1,0
1,10,4.8,699,1277.17,2,0
2,7,4.5,699,1277.17,2,0
3,5,4.2,699,1277.17,2,0
4,12,4.9,699,1277.17,2,0
5,8,4.6,699,1277.17,2,0
1,10,4.8,1237,3656.34,2,0
2,7,4.5,1237,3656.34,2,0
3,5,4.2,1237,3656.34,2,0
4,12,4.9,1237,3656.34,2,0
5,8,4.6,1237,3656.34,2,0
1,10,4.8,877,1716.22,2,0
2,7,4.5,877,1716.22,2,0
3,5,4.2,877,1716.22,2,0
4,12,4.9,877,1716.22,2,1
5,8,4.6,877,1716.22,2,0
1,10,4.8,1142,2471.36,3,1
2,7,4.5,1142,2471.36,3,0
3,5,4.2,1142,2471.36,3,0
4,12,4.9,1142,2471.36,3,1
5,8,4.6,1142,2471.36,3,0
1,10,4.8,413,1136.64,2,1
2,7,4.5,413,1136.64,2,0
3,5,4.2,413,1136.64,2,0
4,12,4.9,413,1136.64,2,0
5,8,4.6,413,1136.64,2,0
1,10,4.8,1078,3213.67,2,1
2,7,4.5,1078,3213.67,2,0
3,5,4.2,1078,3213.67,2,0
4,12,4.9,1078,3213.67,2,0
5,8,4.6,1078,3213.67,2,0
1,10,4.8,354,1130.52,2,0
2,7,4.5,354,1130.52,2,0
3,5,4.2,354,1130.52,2,0
4,12,4.9,354,1130.52,2,0
5,8,4.6,354,1130.52,2,0
1,10,4.8,1709,2944.89,2,0
2,7,4.5,1709,2944.89,2,0
3,5,4.2,1709,2944.89,2,0
4,12,4.9,1709,2944.89,2,0
5,8,4.6,1709,2944.89,2,0
1,10,4.8,320,816.15,1,0
2,7,4.5,320,816.15,1,0
3,5,4.2,320,816.15,1,0
4,12,4.9,320,816.15,1,0
5,8,4.6,320,816.15,1,0
1,10,4.8,2375,4153.09,3,1
2,7,4.5,2375,4153.09,3,0
3,5,4.2,2375,4153.09,3,0
4,12,4.9,2375,4153.09,3,1
5,8,4.6,2375,4153.09,3,0
1,10,4.8,1075,1754.71,2,0
2,7,4.5,1075,1754.71,2,0
3,5,4.2,1075,1754.71,2,0
4,12,4.9,1075,1754.71,2,0
5,8,4.6,1075,1754.71,2,0
1,10,4.8,236,479.46,2,0
2,7,4.5,236,479.46,2,0
3,5,4.2,236,479.46,2,0
4,12,4.9,236,479.46,2,0
5,8,4.6,236,479.46,2,0
1,10,4.8,2379,5264.74,3,1
2,7,4.5,2379,5264.74,3,0
3,5,4.2,2379,5264.74,3,0
4,12,4.9,2379,5264.74,3,1
5,8,4.6,2379,5264.74,3,0
1,10,4.8,2067,5849.55,3,1
2,7,4.5,2067,5849.55,3,0
3,5,4.2,2067,5849.55,3,0
4,12,4.9,2067,5849.55,3,1
5,8,4.6,2067,5849.55,3,1
1,10,4.8,1246,3351.17,1,0
2,7,4.5,1246,3351.17,1,0
3,5,4.2,1246,3351.17,1,0
4,12,4.9,1246,3351.17,1,0
5,8,4.6,1246,3351.17,1,0
1,10,4.8,259,472.04,3,1
2,7,4.5,259,472.04,3,0
3,5,4.2,259,472.04,3,0
4,12,4.9,259,472.04,3,1
5,8,4.6,259,472.04,3,0
1,10,4.8,1361,3312.83,3,1
2,7,4.5,1361,3312.83,3,0
3,5,4.2,1361,3312.83,3,0
4,12,4.9,1361,3312.83,3,1
5,8,4.6,1361,3312.83,3,0
1,10,4.8,1622,2827.83,3,1
2,7,4.5,1622,2827.83,3,0
3,5,4.2,1622,2827.83,3,0
4,12,4.9,1622,2827.83,3,1
5,8,4.6,1622,2827.83,3,0
1,10,4.8,1615,4609.12,3,1
2,7,4.5,1615,4609.12,3,0
3,5,4.2,1615,4609.12,3,0
4,12,4.9,1615,4609.12,3,1
5,8,4.6,1615,4609.12,3,0
1,10,4.8,1831,4325.91,3,1
2,7,4.5,1831,4325.91,3,0
3,5,4.2,1831,4325.91,3,0
4,12,4.9,1831,4325.91,3,1
5,8,4.6,1831,4325.91,3,0
1,10,4.8,1269,3556.57,2,1
2,7,4.5,1269,3556.57,2,0
3,5,4.2,1269,3556.57,2,0
4,12,4.9,1269,3556.57,2,0
5,8,4.6,1269,3556.57,2,0
1,10,4.8,978,1932.35,1,0
2,7,4.5,978,1932.35,1,0
3,5,4.2,978,1932.35,1,0
4,12,4.9,978,1932.35,1,0
5,8,4.6,978,1932.35,1,0
1,10,4.8,787,1698.96,1,0
2,7,4.5,787,1698.96,1,0
3,5,4.2,787,1698.96,1,0
4,12,4.9,787,1698.96,1,1
5,8,4.6,787,1698.96,1,0
1,10,4.8,1782,3807.31,3,1
2,7,4.5,1782,3807.31,3,0
3,5,4.2,1782,3807.31,3,0
4,12,4.9,1782,3807.31,3,1
5,8,4.6,1782,3807.31,3,0
1,10,4.8,921,3015.3,3,1
2,7,4.5,921,3015.3,3,0
3,5,4.2,921,3015.3,3,0
4,12,4.9,921,3015.3,3,1
5,8,4.6,921,3015.3,3,1
1,10,4.8,1035,1824.38,3,1
2,7,4.5,1035,1824.38,3,0
3,5,4.2,1035,1824.38,3,0
4,12,4.9,1035,1824.38,3,1
5,8,4.6,1035,1824.38,3,0
1,10,4.8,2160,4423.63,1,0
2,7,4.5,2160,4423.63,1,0
3,5,4.2,2160,4423.63,1,0
4,12,4.9,2160,4423.63,1,0
5,8,4.6,2160,4423.63,1,0
1,10,4.8,2309,5211.14,3,1
2,7,4.5,2309,5211.14,3,0
3,5,4.2,2309,5211.14,3,0
4,12,4.9,2309,5211.14,3,1
5,8,4.6,2309,5211.14,3,1
1,10,4.8,1628,3896.32,3,1
2,7,4.5,1628,3896.32,3,0
3,5,4.2,1628,3896.32,3,0
4,12,4.9,1628,3896.32,3,1
5,8,4.6,1628,3896.32,3,0
1,10,4.8,1177,2720.67,2,1
2,7,4.5,1177,2720.67,2,0
3,5,4.2,1177,2720.67,2,0
4,12,4.9,1177,2720.67,2,0
5,8,4.6,1177,2720.67,2,0
1,10,4.8,187,317.97,3,1
2,7,4.5,187,317.97,3,0
3,5,4.2,187,317.97,3,0
4,12,4.9,187,317.97,3,1
5,8,4.6,187,317.97,3,0
1,10,4.8,707,1961.9,3,1
2,7,4.5,707,1961.9,3,0
3,5,4.2,707,1961.9,3,0
4,12,4.9,707,1961.9,3,1
5,8,4.6,707,1961.9,3,0
1,10,4.8,2201,6479.01,2,1
2,7,4.5,2201,6479.01,2,0
3,5,4.2,2201,6479.01,2,0
4,12,4.9,2201,6479.01,2,0
5,8,4.6,2201,6479.01,2,0
1,10,4.8,1258,2603.33,3,1
2,7,4.5,1258,2603.33,3,0
3,5,4.2,1258,2603.33,3,0
4,12,4.9,1258,2603.33,3,1
5,8,4.6,1258,2603.33,3,0
1,10,4.8,2203,4951.19,2,0
2,7,4.5,2203,4951.19,2,0
3,5,4.2,2203,4951.19,2,0
4,12,4.9,2203,4951.19,2,0
5,8,4.6,2203,4951.19,2,0
1,10,4.8,232,542.88,3,1
2,7,4.5,232,542.88,3,0
3,5,4.2,232,542.88,3,0
4,12,4.9,232,542.88,3,1
5,8,4.6,232,542.88,3,0
1,10,4.8,274,702.46,3,1
2,7,4.5,274,702.46,3,0
3,5,4.2,274,702.46,3,0
4,12,4.9,274,702.46,3,1
5,8,4.6,274,702.46,3,0
1,10,4.8,2160,6845.87,2,0
2,7,4.5,2160,6845.87,2,0
3,5,4.2,2160,6845.87,2,0
4,12,4.9,2160,6845.87,2,0
5,8,4.6,2160,6845.87,2,1
1,10,4.8,1151,2290.99,2,1
2,7,4.5,1151,2290.99,2,0
3,5,4.2,1151,2290.99,2,0
4,12,4.9,1151,2290.99,2,0
5,8,4.6,1151,2290.99,2,0
1,10,4.8,1594,2644.6,2,0
2,7,4.5,1594,2644.6,2,0
3,5,4.2,1594,2644.6,2,0
4,12,4.9,1594,2644.6,2,0
5,8,4.6,1594,2644.6,2,0
1,10,4.8,910,2366.41,1,0
2,7,4.5,910,2366.41,1,0
3,5,4.2,910,2366.41,1,0
4,12,4.9,910,2366.41,1,0
5,8,4.6,910,2366.41,1,0
1,10,4.8,1892,2843.84,1,0
2,7,4.5,1892,2843.84,1,0
3,5,4.2,1892,2843.84,1,0
4,12,4.9,1892,2843.84,1,0
5,8,4.6,1892,2843.84,1,0
1,10,4.8,2304,7364.68,1,0
2,7,4.5,2304,7364.68,1,0
3,5,4.2,2304,7364.68,1,0
4,12,4.9,2304,7364.68,1,1
5,8,4.6,2304,7364.68,1,0
1,10,4.8,2132,3833.67,2,0
2,7,4.5,2132,3833.67,2,0
3,5,4.2,2132,3833.67,2,0
4,12,4.9,2132,3833.67,2,0
5,8,4.6,2132,3833.67,2,0
1,10,4.8,2443,5183.59,1,1
2,7,4.5,2443,5183.59,1,0
3,5,4.2,2443,5183.59,1,0
4,12,4.9,2443,5183.59,1,0
5,8,4.6,2443,5183.59,1,0
1,10,4.8,705,2364.47,3,1
2,7,4.5,705,2364.47,3,0
3,5,4.2,705,2364.47,3,0
4,12,4.9,705,2364.47,3,1
5,8,4.6,705,2364.47,3,0
1,10,4.8,2042,4514.64,2,0
2,7,4.5,2042,4514.64,2,0
3,5,4.2,2042,4514.64,2,0
4,12,4.9,2042,4514.64,2,0
5,8,4.6,2042,4514.64,2,0
1,10,4.8,440,821.8,3,1
2,7,4.5,440,821.8,3,0
3,5,4.2,440,821.8,3,0
4,12,4.9,440,821.8,3,1
5,8,4.6,440,821.8,3,0
1,10,4.8,2160,5490.86,3,1
2,7,4.5,2160,5490.86,3,0
3,5,4.2,2160,5490.86,3,0
4,12,4.9,2160,5490.86,3,1
5,8,4.6,2160,5490.86,3,0
1,10,4.8,572,1643.34,1,1
2,7,4.5,572,1643.34,1,0
3,5,4.2,572,1643.34,1,0
4,12,4.9,572,1643.34,1,0
5,8,4.6,572,1643.34,1,0
1,10,4.8,416,815.98,1,0
2,7,4.5,416,815.98,1,0
3,5,4.2,416,815.98,1,0
4,12,4.9,416,815.98,1,1
5,8,4.6,416,815.98,1,0
1,10,4.8,2138,5704.47,3,1
2,7,4.5,2138,5704.47,3,0
3,5,4.2,2138,5704.47,3,0
4,12,4.9,2138,5704.47,3,1
5,8,4.6,2138,5704.47,3,0
1,10,4.8,2237,3824.01,2,0
2,7,4.5,2237,3824.01,2,0
3,5,4.2,2237,3824.01,2,0
4,12,4.9,2237,3824.01,2,0
5,8,4.6,2237,3824.01,2,0
1,10,4.8,992,1586.59,2,0
2,7,4.5,992,1586.59,2,0
3,5,4.2,992,1586.59,2,0
4,12,4.9,992,1586.59,2,0
5,8,4.6,992,1586.59,2,0
1,10,4.8,1298,2364.96,2,0
2,7,4.5,1298,2364.96,2,0
3,5,4.2,1298,2364.96,2,0
4,12,4.9,1298,2364.96,2,1
5,8,4.6,1298,2364.96,2,0
1,10,4.8,618,1999.14,1,0
2,7,4.5,618,1999.14,1,0
3,5,4.2,618,1999.14,1,0
4,12,4.9,618,1999.14,1,0
5,8,4.6,618,1999.14,1,1
1,10,4.8,1274,4146.51,1,0
2,7,4.5,1274,4146.51,1,0
3,5,4.2,1274,4146.51,1,0
4,12,4.9,1274,4146.51,1,0
5,8,4.6,1274,4146.51,1,0
1,10,4.8,1790,4762.16,3,1
2,7,4.5,1790,4762.16,3,0
3,5,4.2,1790,4762.16,3,0
4,12,4.9,1790,4762.16,3,1
5,8,4.6,1790,4762.16,3,0
1,10,4.8,421,1138.27,3,1
2,7,4.5,421,1138.27,3,0
3,5,4.2,421,1138.27,3,0
4,12,4.9,421,1138.27,3,1
5,8,4.6,421,1138.27,3,0
1,10,4.8,855,1863.69,1,0
2,7,4.5,855,1863.69,1,0
3,5,4.2,855,1863.69,1,0
4,12,4.9,855,1863.69,1,0
5,8,4.6,855,1863.69,1,0
1,10,4.8,687,1107.2,1,0
2,7,4.5,687,1107.2,1,0
3,5,4.2,687,1107.2,1,0
4,12,4.9,687,1107.2,1,0
5,8,4.6,687,1107.2,1,0
1,10,4.8,2136,4392.21,2,0
2,7,4.5,2136,4392.21,2,0
3,5,4.2,2136,4392.21,2,0
4,12,4.9,2136,4392.21,2,0
5,8,4.6,2136,4392.21,2,1
1,10,4.8,288,735.97,3,1
2,7,4.5,288,735.97,3,0
3,5,4.2,288,735.97,3,0
4,12,4.9,288,735.97,3,1
5,8,4.6,288,735.97,3,0
1,10,4.8,161,534.82,2,0
2,7,4.5,161,534.82,2,0
3,5,4.2,161,534.82,2,0
4,12,4.9,161,534.82,2,1
5,8,4.6,161,534.82,2,0
1,10,4.8,1769,4860.2,2,1
2,7,4.5,1769,4860.2,2,0
3,5,4.2,1769,4860.2,2,0
4,12,4.9,1769,4860.2,2,0
5,8,4.6,1769,4860.2,2,0
1,10,4.8,1388,2351.91,2,0
2,7,4.5,1388,2351.91,2,0
3,5,4.2,1388,2351.91,2,0
4,12,4.9,1388,2351.91,2,0
5,8,4.6,1388,2351.91,2,0
1,10,4.8,869,2665.65,2,0
2,7,4.5,869,2665.65,2,0
3,5,4.2,869,2665.65,2,0
4,12,4.9,869,2665.65,2,0
5,8,4.6,869,2665.65,2,0
1,10,4.8,401,1066.02,1,0
2,7,4.5,401,1066.02,1,0
3,5,4.2,401,1066.02,1,0
4,12,4.9,401,1066.02,1,1
5,8,4.6,401,1066.02,1,0
1,10,4.8,1989,6636.69,1,0
2,7,4.5,1989,6636.69,1,0
3,5,4.2,1989,6636.69,1,0
4,12,4.9,1989,6636.69,1,1
5,8,4.6,1989,6636.69,1,0
1,10,4.8,2293,4431.77,1,1
2,7,4.5,2293,4431.77,1,0
3,5,4.2,2293,4431.77,1,0
4,12,4.9,2293,4431.77,1,0
5,8,4.6,2293,4431.77,1,0
1,10,4.8,1233,3433.51,3,1
2,7,4.5,1233,3433.51,3,0
3,5,4.2,1233,3433.51,3,0
4,12,4.9,1233,3433.51,3,1
5,8,4.6,1233,3433.51,3,0
1,10,4.8,250,388.8,3,1
2,7,4.5,250,388.8,3,0
3,5,4.2,250,388.8,3,0
4,12,4.9,250,388.8,3,1
5,8,4.6,250,388.8,3,0
1,10,4.8,2377,7422.66,3,1
2,7,4.5,2377,7422.66,3,0
3,5,4.2,2377,7422.66,3,0
4,12,4.9,2377,7422.66,3,1
5,8,4.6,2377,7422.66,3,0
1,10,4.8,2283,7606.47,2,1
2,7,4.5,2283,7606.47,2,0
3,5,4.2,2283,7606.47,2,0
4,12,4.9,2283,7606.47,2,0
5,8,4.6,2283,7606.47,2,0
1,10,4.8,1742,2676.87,2,0
2,7,4.5,1742,2676.87,2,0
3,5,4.2,1742,2676.87,2,0
4,12,4.9,1742,2676.87,2,0
5,8,4.6,1742,2676.87,2,1
1,10,4.8,1826,4922.6,2,0
2,7,4.5,1826,4922.6,2,0
3,5,4.2,1826,4922.6,2,0
4,12,4.9,1826,4922.6,2,0
5,8,4.6,1826,4922.6,2,0
1,10,4.8,740,2576.72,2,0
2,7,4.5,740,2576.72,2,0
3,5,4.2,740,2576.72,2,0
4,12,4.9,740,2576.72,2,1
5,8,4.6,740,2576.72,2,0
1,10,4.8,585,1754.38,1,0
2,7,4.5,585,1754.38,1,0
3,5,4.2,585,1754.38,1,0
4,12,4.9,585,1754.38,1,0
5,8,4.6,585,1754.38,1,0
1,10,4.8,2402,4294.36,3,1
2,7,4.5,2402,4294.36,3,0
3,5,4.2,2402,4294.36,3,0
4,12,4.9,2402,4294.36,3,1
5,8,4.6,2402,4294.36,3,1
1,10,4.8,466,1000.87,3,1
2,7,4.5,466,1000.87,3,0
3,5,4.2,466,1000.87,3,0
4,12,4.9,466,1000.87,3,1
5,8,4.6,466,1000.87,3,0
1,10,4.8,780,1837.05,2,0
2,7,4.5,780,1837.05,2,0
3,5,4.2,780,1837.05,2,0
4,12,4.9,780,1837.05,2,0
5,8,4.6,780,1837.05,2,0
1,10,4.8,2104,5581.61,3,1
2,7,4.5,2104,5581.61,3,0
3,5,4.2,2104,5581.61,3,0
4,12,4.9,2104,5581.61,3,1
5,8,4.6,2104,5581.61,3,0
1,10,4.8,1907,3253.06,2,0
2,7,4.5,1907,3253.06,2,0
3,5,4.2,1907,3253.06,2,0
4,12,4.9,1907,3253.06,2,0
5,8,4.6,1907,3253.06,2,1
1,10,4.8,469,1416.17,2,1
2,7,4.5,469,1416.17,2,0
3,5,4.2,469,1416.17,2,0
4,12,4.9,469,1416.17,2,0
5,8,4.6,469,1416.17,2,0
1,10,4.8,2041,3143.52,1,0
2,7,4.5,2041,3143.52,1,0
3,5,4.2,2041,3143.52,1,0
4,12,4.9,2041,3143.52,1,0
5,8,4.6,2041,3143.52,1,0
1,10,4.8,2391,4500.51,3,1
2,7,4.5,2391,4500.51,3,0
3,5,4.2,2391,4500.51,3,0
4,12,4.9,2391,4500.51,3,1
5,8,4.6,2391,4500.51,3,1
1,10,4.8,892,2140.76,1,0
2,7,4.5,892,2140.76,1,0
3,5,4.2,892,2140.76,1,0
4,12,4.9,892,2140.76,1,1
5,8,4.6,892,2140.76,1,0
1,10,4.8,346,551.42,3,1
2,7,4.5,346,551.42,3,0
3,5,4.2,346,551.42,3,0
4,12,4.9,346,551.42,3,1
5,8,4.6,346,551.42,3,0
1,10,4.8,1869,3092.09,1,0
2,7,4.5,1869,3092.09,1,0
3,5,4.2,1869,3092.09,1,0
4,12,4.9,1869,3092.09,1,0
5,8,4.6,1869,3092.09,1,0
1,10,4.8,757,1933.9,3,1
2,7,4.5,757,1933.9,3,0
3,5,4.2,757,1933.9,3,0
4,12,4.9,757,1933.9,3,1
5,8,4.6,757,1933.9,3,0
1,10,4.8,765,1687.88,2,0
2,7,4.5,765,1687.88,2,0
3,5,4.2,765,1687.88,2,0
4,12,4.9,765,1687.88,2,0
5,8,4.6,765,1687.88,2,0
1,10,4.8,1284,2110.81,2,0
2,7,4.5,1284,2110.81,2,0
3,5,4.2,1284,2110.81,2,0
4,12,4.9,1284,2110.81,2,0
5,8,4.6,1284,2110.81,2,1
1,10,4.8,1700,4269.65,1,0
2,7,4.5,1700,4269.65,1,0
3,5,4.2,1700,4269.65,1,0
4,12,4.9,1700,4269.65,1,0
5,8,4.6,1700,4269.65,1,0
1,10,4.8,618,2065.71,3,1
2,7,4.5,618,2065.71,3,0
3,5,4.2,618,2065.71,3,0
4,12,4.9,618,2065.71,3,1
5,8,4.6,618,2065.71,3,0
1,10,4.8,1670,4434.03,2,0
2,7,4.5,1670,4434.03,2,0
3,5,4.2,1670,4434.03,2,0
4,12,4.9,1670,4434.03,2,0
5,8,4.6,1670,4434.03,2,0
1,10,4.8,384,740.91,3,1
2,7,4.5,384,740.91,3,0
3,5,4.2,384,740.91,3,0
4,12,4.9,384,740.91,3,1
5,8,4.6,384,740.91,3,1
1,10,4.8,100,245.61,3,1
2,7,4.5,100,245.61,3,0
3,5,4.2,100,245.61,3,0
4,12,4.9,100,245.61,3,1
5,8,4.6,100,245.61,3,1
1,10,4.8,637,1274.72,3,1
2,7,4.5,637,1274.72,3,0
3,5,4.2,637,1274.72,3,0
4,12,4.9,637,1274.72,3,1
5,8,4.6,637,1274.72,3,0
1,10,4.8,539,1697.77,1,0
2,7,4.5,539,1697.77,1,0
3,5,4.2,539,1697.77,1,0
4,12,4.9,539,1697.77,1,1
5,8,4.6,539,1697.77,1,0
1,10,4.8,344,807.5,1,0
2,7,4.5,344,807.5,1,0
3,5,4.2,344,807.5,1,0
4,12,4.9,344,807.5,1,0
5,8,4.6,344,807.5,1,1
1,10,4.8,1540,4494.59,2,1
2,7,4.5,1540,4494.59,2,0
3,5,4.2,1540,4494.59,2,0
4,12,4.9,1540,4494.59,2,0
5,8,4.6,1540,4494.59,2,0
1,10,4.8,2202,5769.09,2,0
2,7,4.5,2202,5769.09,2,0
3,5,4.2,2202,5769.09,2,0
4,12,4.9,2202,5769.09,2,0
5,8,4.6,2202,5769.09,2,0
1,10,4.8,451,838.84,3,1
2,7,4.5,451,838.84,3,0
3,5,4.2,451,838.84,3,0
4,12,4.9,451,838.84,3,1
5,8,4.6,451,838.84,3,0
1,10,4.8,279,749.72,1,1
2,7,4.5,279,749.72,1,0
3,5,4.2,279,749.72,1,0
4,12,4.9,279,749.72,1,0
5,8,4.6,279,749.72,1,0
1,10,4.8,1821,4947.41,3,1
2,7,4.5,1821,4947.41,3,0
3,5,4.2,1821,4947.41,3,0
4,12,4.9,1821,4947.41,3,1
5,8,4.6,1821,4947.41,3,1
1,10,4.8,1596,4181.53,1,0
2,7,4.5,1596,4181.53,1,0
3,5,4.2,1596,4181.53,1,0
4,12,4.9,1596,4181.53,1,1
5,8,4.6,1596,4181.53,1,0
1,10,4.8,2164,6807.21,3,1
2,7,4.5,2164,6807.21,3,0
3,5,4.2,2164,6807.21,3,0
4,12,4.9,2164,6807.21,3,1
5,8,4.6,2164,6807.21,3,0
1,10,4.8,2481,5242.68,3,1
2,7,4.5,2481,5242.68,3,0
3,5,4.2,2481,5242.68,3,0
4,12,4.9,2481,5242.68,3,1
5,8,4.6,2481,5242.68,3,1
1,10,4.8,178,516.14,3,1
2,7,4.5,178,516.14,3,0
3,5,4.2,178,516.14,3,0
4,12,4.9,178,516.14,3,1
5,8,4.6,178,516.14,3,0
1,10,4.8,529,1294.82,2,0
2,7,4.5,529,1294.82,2,0
3,5,4.2,529,1294.82,2,0
4,12,4.9,529,1294.82,2,0
5,8,4.6,529,1294.82,2,1
1,10,4.8,268,404.46,3,1
2,7,4.5,268,404.46,3,0
3,5,4.2,268,404.46,3,0
4,12,4.9,268,404.46,3,1
5,8,4.6,268,404.46,3,1
1,10,4.8,1832,3169.67,2,0
2,7,4.5,1832,3169.67,2,0
3,5,4.2,1832,3169.67,2,0
4,12,4.9,1832,3169.67,2,0
5,8,4.6,1832,3169.67,2,0
1,10,4.8,415,1424.18,1,0
2,7,4.5,415,1424.18,1,0
3,5,4.2,415,1424.18,1,0
4,12,4.9,415,1424.18,1,0
5,8,4.6,415,1424.18,1,0
1,10,4.8,1208,2295.3,3,1
2,7,4.5,1208,2295.3,3,0
3,5,4.2,1208,2295.3,3,0
4,12,4.9,1208,2295.3,3,1
5,8,4.6,1208,2295.3,3,1
1,10,4.8,533,1635.16,2,0
2,7,4.5,533,1635.16,2,0
3,5,4.2,533,1635.16,2,0
4,12,4.9,533,1635.16,2,1
5,8,4.6,533,1635.16,2,0
1,10,4.8,1669,2699.58,1,0
2,7,4.5,1669,2699.58,1,0
3,5,4.2,1669,2699.58,1,0
4,12,4.9,1669,2699.58,1,0
5,8,4.6,1669,2699.58,1,0
1,10,4.8,1710,4025.59,3,1
2,7,4.5,1710,4025.59,3,0
3,5,4.2,1710,4025.59,3,0
4,12,4.9,1710,4025.59,3,1
5,8,4.6,1710,4025.59,3,0
1,10,4.8,668,1812.93,1,0
2,7,4.5,668,1812.93,1,0
3,5,4.2,668,1812.93,1,0
4,12,4.9,668,1812.93,1,1
5,8,4.6,668,1812.93,1,0
1,10,4.8,2072,7231.21,3,1
2,7,4.5,2072,7231.21,3,0
3,5,4.2,2072,7231.21,3,0
4,12,4.9,2072,7231.21,3,1
5,8,4.6,2072,7231.21,3,0
1,10,4.8,972,3232.46,2,1
2,7,4.5,972,3232.46,2,0
3,5,4.2,972,3232.46,2,0
4,12,4.9,972,3232.46,2,0
5,8,4.6,972,3232.46,2,0
1,10,4.8,1301,2905.84,2,0
2,7,4.5,1301,2905.84,2,0
3,5,4.2,1301,2905.84,2,0
4,12,4.9,1301,2905.84,2,0
5,8,4.6,1301,2905.84,2,0
1,10,4.8,1035,3582.95,2,0
2,7,4.5,1035,3582.95,2,0
3,5,4.2,1035,3582.95,2,0
4,12,4.9,1035,3582.95,2,0
5,8,4.6,1035,3582.95,2,0
1,10,4.8,1460,4115.71,2,0
2,7,4.5,1460,4115.71,2,0
3,5,4.2,1460,4115.71,2,0
4,12,4.9,1460,4115.71,2,0
5,8,4.6,1460,4115.71,2,0
1,10,4.8,550,1598.58,2,0
2,7,4.5,550,1598.58,2,0
3,5,4.2,550,1598.58,2,0
4,12,4.9,550,1598.58,2,1
5,8,4.6,550,1598.58,2,0
1,10,4.8,2447,4814.27,2,0
2,7,4.5,2447,4814.27,2,0
3,5,4.2,2447,4814.27,2,0
4,12,4.9,2447,4814.27,2,1
5,8,4.6,2447,4814.27,2,0
1,10,4.8,659,1463.49,2,0
2,7,4.5,659,1463.49,2,0
3,5,4.2,659,1463.49,2,0
4,12,4.9,659,1463.49,2,0
5,8,4.6,659,1463.49,2,1
1,10,4.8,1834,4832.36,2,0
2,7,4.5,1834,4832.36,2,0
3,5,4.2,1834,4832.36,2,0
4,12,4.9,1834,4832.36,2,1
5,8,4.6,1834,4832.36,2,0
1,10,4.8,2069,6903.82,2,1
2,7,4.5,2069,6903.82,2,0
3,5,4.2,2069,6903.82,2,0
4,12,4.9,2069,6903.82,2,0
5,8,4.6,2069,6903.82,2,0
1,10,4.8,833,2199.38,1,0
2,7,4.5,833,2199.38,1,0
3,5,4.2,833,2199.38,1,0
4,12,4.9,833,2199.38,1,0
5,8,4.6,833,2199.38,1,1
1,10,4.8,596,1538.35,1,0
2,7,4.5,596,1538.35,1,0
3,5,4.2,596,1538.35,1,0
4,12,4.9,596,1538.35,1,0
5,8,4.6,596,1538.35,1,0
1,10,4.8,875,2635.35,3,1
2,7,4.5,875,2635.35,3,0
3,5,4.2,875,2635.35,3,0
4,12,4.9,875,2635.35,3,1
5,8,4.6,875,2635.35,3,0
1,10,4.8,2105,6746.35,3,1
2,7,4.5,2105,6746.35,3,0
3,5,4.2,2105,6746.35,3,0
4,12,4.9,2105,6746.35,3,1
5,8,4.6,2105,6746.35,3,0
1,10,4.8,181,305.52,2,0
2,7,4.5,181,305.52,2,0
3,5,4.2,181,305.52,2,0
4,12,4.9,181,305.52,2,1
5,8,4.6,181,305.52,2,0
1,10,4.8,1539,4991.73,1,0
2,7,4.5,1539,4991.73,1,0
3,5,4.2,1539,4991.73,1,0
4,12,4.9,1539,4991.73,1,0
5,8,4.6,1539,4991.73,1,1
1,10,4.8,431,666.88,3,1
2,7,4.5,431,666.88,3,0
3,5,4.2,431,666.88,3,0
4,12,4.9,431,666.88,3,1
5,8,4.6,431,666.88,3,0
1,10,4.8,692,1682.9,3,1
2,7,4.5,692,1682.9,3,0
3,5,4.2,692,1682.9,3,0
4,12,4.9,692,1682.9,3,1
5,8,4.6,692,1682.9,3,1
1,10,4.8,151,349.25,2,0
2,7,4.5,151,349.25,2,0
3,5,4.2,151,349.25,2,0
4,12,4.9,151,349.25,2,0
5,8,4.6,151,349.25,2,0
1,10,4.8,980,1733.8,1,0
2,7,4.5,980,1733.8,1,0
3,5,4.2,980,1733.8,1,0
4,12,4.9,980,1733.8,1,0
5,8,4.6,980,1733.8,1,0
1,10,4.8,2009,3897.97,1,0
2,7,4.5,2009,3897.97,1,0
3,5,4.2,2009,3897.97,1,0
4,12,4.9,2009,3897.97,1,0
5,8,4.6,2009,3897.97,1,1
1,10,4.8,227,712.11,1,1
2,7,4.5,227,712.11,1,0
3,5,4.2,227,712.11,1,0
4,12,4.9,227,712.11,1,0
5,8,4.6,227,712.11,1,0
1,10,4.8,1728,5094.26,2,0
2,7,4.5,1728,5094.26,2,0
3,5,4.2,1728,5094.26,2,0
4,12,4.9,1728,5094.26,2,0
5,8,4.6,1728,5094.26,2,0
1,10,4.8,511,984.44,1,0
2,7,4.5,511,984.44,1,0
3,5,4.2,511,984.44,1,0
4,12,4.9,511,984.44,1,1
5,8,4.6,511,984.44,1,0
1,10,4.8,1140,2679.59,3,1
2,7,4.5,1140,2679.59,3,0
3,5,4.2,1140,2679.59,3,0
4,12,4.9,1140,2679.59,3,1
5,8,4.6,1140,2679.59,3,0
1,10,4.8,200,697.23,2,0
2,7,4.5,200,697.23,2,0
3,5,4.2,200,697.23,2,0
4,12,4.9,200,697.23,2,0
5,8,4.6,200,697.23,2,0
1,10,4.8,1058,2647.66,2,0
2,7,4.5,1058,2647.66,2,0
3,5,4.2,1058,2647.66,2,0
4,12,4.9,1058,2647.66,2,0
5,8,4.6,1058,2647.66,2,0
1,10,4.8,977,1957.38,3,1
2,7,4.5,977,1957.38,3,0
3,5,4.2,977,1957.38,3,0
4,12,4.9,977,1957.38,3,1
5,8,4.6,977,1957.38,3,0
1,10,4.8,1576,5072.45,2,0
2,7,4.5,1576,5072.45,2,0
3,5,4.2,1576,5072.45,2,0
4,12,4.9,1576,5072.45,2,0
5,8,4.6,1576,5072.45,2,1
1,10,4.8,101,208.94,1,0
2,7,4.5,101,208.94,1,0
3,5,4.2,101,208.94,1,0
4,12,4.9,101,208.94,1,0
5,8,4.6,101,208.94,1,1
1,10,4.8,931,2470.2,1,0
2,7,4.5,931,2470.2,1,0
3,5,4.2,931,2470.2,1,0
4,12,4.9,931,2470.2,1,1
5,8,4.6,931,2470.2,1,0
1,10,4.8,245,584.32,1,0
2,7,4.5,245,584.32,1,0
3,5,4.2,245,584.32,1,0
4,12,4.9,245,584.32,1,0
5,8,4.6,245,584.32,1,0
1,10,4.8,706,1877.06,3,1
2,7,4.5,706,1877.06,3,0
3,5,4.2,706,1877.06,3,0
4,12,4.9,706,1877.06,3,1
5,8,4.6,706,1877.06,3,1
1,10,4.8,2332,6858.87,1,0
2,7,4.5,2332,6858.87,1,0
3,5,4.2,2332,6858.87,1,0
4,12,4.9,2332,6858.87,1,0
5,8,4.6,2332,6858.87,1,0
1,10,4.8,2218,4223.61,2,0
2,7,4.5,2218,4223.61,2,0
3,5,4.2,2218,4223.61,2,0
4,12,4.9,2218,4223.61,2,0
5,8,4.6,2218,4223.61,2,1
1,10,4.8,2171,5307.64,3,1
2,7,4.5,2171,5307.64,3,0
3,5,4.2,2171,5307.64,3,0
4,12,4.9,2171,5307.64,3,1
5,8,4.6,2171,5307.64,3,0
1,10,4.8,1664,3394.36,2,0
2,7,4.5,1664,3394.36,2,0
3,5,4.2,1664,3394.36,2,0
4,12,4.9,1664,3394.36,2,0
5,8,4.6,1664,3394.36,2,1
1,10,4.8,118,223.71,3,1
2,7,4.5,118,223.71,3,0
3,5,4.2,118,223.71,3,0
4,12,4.9,118,223.71,3,1
5,8,4.6,118,223.71,3,0
1,10,4.8,344,1061.02,1,0
2,7,4.5,344,1061.02,1,0
3,5,4.2,344,1061.02,1,0
4,12,4.9,344,1061.02,1,0
5,8,4.6,344,1061.02,1,0
1,10,4.8,1360,4570.27,1,0
2,7,4.5,1360,4570.27,1,0
3,5,4.2,1360,4570.27,1,0
4,12,4.9,1360,4570.27,1,1
5,8,4.6,1360,4570.27,1,0
1,10,4.8,2107,5789.89,1,0
2,7,4.5,2107,5789.89,1,0
3,5,4.2,2107,5789.89,1,0
4,12,4.9,2107,5789.89,1,0
5,8,4.6,2107,5789.89,1,0
1,10,4.8,2176,6789.07,3,1
2,7,4.5,2176,6789.07,3,0
3,5,4.2,2176,6789.07,3,0
4,12,4.9,2176,6789.07,3,1
5,8,4.6,2176,6789.07,3,0
1,10,4.8,164,432.82,1,0
2,7,4.5,164,432.82,1,0
3,5,4.2,164,432.82,1,0
4,12,4.9,164,432.82,1,0
5,8,4.6,164,432.82,1,0
1,10,4.8,400,1304.75,3,1
2,7,4.5,400,1304.75,3,0
3,5,4.2,400,1304.75,3,0
4,12,4.9,400,1304.75,3,1
5,8,4.6,400,1304.75,3,0
1,10,4.8,2212,7282.81,3,1
2,7,4.5,2212,7282.81,3,0
3,5,4.2,2212,7282.81,3,0
4,12,4.9,2212,7282.81,3,1
5,8,4.6,2212,7282.81,3,1
1,10,4.8,1777,2688.02,1,0
2,7,4.5,1777,2688.02,1,0
3,5,4.2,1777,2688.02,1,0
4,12,4.9,1777,2688.02,1,0
5,8,4.6,1777,2688.02,1,0
1,10,4.8,455,829.13,2,1
2,7,4.5,455,829.13,2,0
3,5,4.2,455,829.13,2,0
4,12,4.9,455,829.13,2,0
5,8,4.6,455,829.13,2,0
1,10,4.8,269,744.11,3,1
2,7,4.5,269,744.11,3,0
3,5,4.2,269,744.11,3,0
4,12,4.9,269,744.11,3,1
5,8,4.6,269,744.11,3,0
1,10,4.8,106,319.05,2,0
2,7,4.5,106,319.05,2,0
3,5,4.2,106,319.05,2,0
4,12,4.9,106,319.05,2,0
5,8,4.6,106,319.05,2,1
1,10,4.8,1377,3301.97,1,0
2,7,4.5,1377,3301.97,1,0
3,5,4.2,1377,3301.97,1,0
4,12,4.9,1377,3301.97,1,1
5,8,4.6,1377,3301.97,1,0
1,10,4.8,1637,2747.54,1,0
2,7,4.5,1637,2747.54,1,0
3,5,4.2,1637,2747.54,1,0
4,12,4.9,1637,2747.54,1,1
5,8,4.6,1637,2747.54,1,0
1,10,4.8,690,1893.2,2,1
2,7,4.5,690,1893.2,2,0
3,5,4.2,690,1893.2,2,0
4,12,4.9,690,1893.2,2,0
5,8,4.6,690,1893.2,2,0
1,10,4.8,2448,5542.47,3,1
2,7,4.5,2448,5542.47,3,0
3,5,4.2,2448,5542.47,3,0
4,12,4.9,2448,5542.47,3,1
5,8,4.6,2448,5542.47,3,1
1,10,4.8,1799,4920.34,1,0
2,7,4.5,1799,4920.34,1,0
3,5,4.2,1799,4920.34,1,0
4,12,4.9,1799,4920.34,1,0
5,8,4.6,1799,4920.34,1,0
1,10,4.8,871,2800.79,2,0
2,7,4.5,871,2800.79,2,0
3,5,4.2,871,2800.79,2,0
4,12,4.9,871,2800.79,2,0
5,8,4.6,871,2800.79,2,0
1,10,4.8,1554,3232.76,3,1
2,7,4.5,1554,3232.76,3,0
3,5,4.2,1554,3232.76,3,0
4,12,4.9,1554,3232.76,3,1
5,8,4.6,1554,3232.76,3,0
1,10,4.8,1017,2677.21,2,0
2,7,4.5,1017,2677.21,2,0
3,5,4.2,1017,2677.21,2,0
4,12,4.9,1017,2677.21,2,0
5,8,4.6,1017,2677.21,2,0
1,10,4.8,2206,6834.13,2,0
2,7,4.5,2206,6834.13,2,0
3,5,4.2,2206,6834.13,2,0
4,12,4.9,2206,6834.13,2,0
5,8,4.6,2206,6834.13,2,0
1,10,4.8,710,1375.88,3,1
2,7,4.5,710,1375.88,3,0
3,5,4.2,710,1375.88,3,0
4,12,4.9,710,1375.88,3,1
5,8,4.6,710,1375.88,3,0
1,10,4.8,267,779.97,2,0
2,7,4.5,267,779.97,2,0
3,5,4.2,267,779.97,2,0
4,12,4.9,267,779.97,2,0
5,8,4.6,267,779.97,2,1
1,10,4.8,197,672.97,1,0
2,7,4.5,197,672.97,1,0
3,5,4.2,197,672.97,1,0
4,12,4.9,197,672.97,1,0
5,8,4.6,197,672.97,1,0
1,10,4.8,347,1081.77,3,1
2,7,4.5,347,1081.77,3,0
3,5,4.2,347,1081.77,3,0
4,12,4.9,347,1081.77,3,1
5,8,4.6,347,1081.77,3,0
1,10,4.8,626,1607.44,2,1
2,7,4.5,626,1607.44,2,0
3,5,4.2,626,1607.44,2,0
4,12,4.9,626,1607.44,2,0
5,8,4.6,626,1607.44,2,0
1,10,4.8,2152,5363.97,3,1
2,7,4.5,2152,5363.97,3,0
3,5,4.2,2152,5363.97,3,0
4,12,4.9,2152,5363.97,3,1
5,8,4.6,2152,5363.97,3,0
1,10,4.8,773,2431.39,3,1
2,7,4.5,773,2431.39,3,0
3,5,4.2,773,2431.39,3,0
4,12,4.9,773,2431.39,3,1
5,8,4.6,773,2431.39,3,0
1,10,4.8,1412,2913.5,1,0
2,7,4.5,1412,2913.5,1,0
3,5,4.2,1412,2913.5,1,0
4,12,4.9,1412,2913.5,1,0
5,8,4.6,1412,2913.5,1,0
1,10,4.8,145,474.52,1,0
2,7,4.5,145,474.52,1,0
3,5,4.2,145,474.52,1,0
4,12,4.9,145,474.52,1,0
5,8,4.6,145,474.52,1,0
1,10,4.8,2420,7901.9,1,0
2,7,4.5,2420,7901.9,1,0
3,5,4.2,2420,7901.9,1,0
4,12,4.9,2420,7901.9,1,1
5,8,4.6,2420,7901.9,1,0
1,10,4.8,1819,4860.99,2,0
2,7,4.5,1819,4860.99,2,0
3,5,4.2,1819,4860.99,2,0
4,12,4.9,1819,4860.99,2,0
5,8,4.6,1819,4860.99,2,0
1,10,4.8,1204,2993.34,3,1
2,7,4.5,1204,2993.34,3,0
3,5,4.2,1204,2993.34,3,0
4,12,4.9,1204,2993.34,3,1
5,8,4.6,1204,2993.34,3,1
1,10,4.8,1118,1754.25,3,1
2,7,4.5,1118,1754.25,3,0
3,5,4.2,1118,1754.25,3,0
4,12,4.9,1118,1754.25,3,1
5,8,4.6,1118,1754.25,3,0
1,10,4.8,2231,5931.62,2,0
2,7,4.5,2231,5931.62,2,0
3,5,4.2,2231,5931.62,2,0
4,12,4.9,2231,5931.62,2,0
5,8,4.6,2231,5931.62,2,0
1,10,4.8,173,545.74,3,1
2,7,4.5,173,545.74,3,0
3,5,4.2,173,545.74,3,0
4,12,4.9,173,545.74,3,1
5,8,4.6,173,545.74,3,0
1,10,4.8,368,843.68,2,0
2,7,4.5,368,843.68,2,0
3,5,4.2,368,843.68,2,0
4,12,4.9,368,843.68,2,0
5,8,4.6,368,843.68,2,0
1,10,4.8,1068,1933.98,2,0
2,7,4.5,1068,1933.98,2,0
3,5,4.2,1068,1933.98,2,0
4,12,4.9,1068,1933.98,2,0
5,8,4.6,1068,1933.98,2,0
1,10,4.8,1889,3859.78,2,0
2,7,4.5,1889,3859.78,2,0
3,5,4.2,1889,3859.78,2,0
4,12,4.9,1889,3859.78,2,0
5,8,4.6,1889,3859.78,2,0
1,10,4.8,1384,2488.02,3,1
2,7,4.5,1384,2488.02,3,0
3,5,4.2,1384,2488.02,3,0
4,12,4.9,1384,2488.02,3,1
5,8,4.6,1384,2488.02,3,0
1,10,4.8,230,431.26,2,0
2,7,4.5,230,431.26,2,0
3,5,4.2,230,431.26,2,0
4,12,4.9,230,431.26,2,0
5,8,4.6,230,431.26,2,1
1,10,4.8,1561,3316.91,1,0
2,7,4.5,1561,3316.91,1,0
3,5,4.2,1561,3316.91,1,0
4,12,4.9,1561,3316.91,1,1
5,8,4.6,1561,3316.91,1,0
1,10,4.8,105,225.27,3,1
2,7,4.5,105,225.27,3,0
3,5,4.2,105,225.27,3,0
4,12,4.9,105,225.27,3,1
5,8,4.6,105,225.27,3,0
1,10,4.8,1567,4205.29,3,1
2,7,4.5,1567,4205.29,3,0
3,5,4.2,1567,4205.29,3,0
4,12,4.9,1567,4205.29,3,1
5,8,4.6,1567,4205.29,3,0
1,10,4.8,2361,7695.25,1,0
2,7,4.5,2361,7695.25,1,0
3,5,4.2,2361,7695.25,1,0
4,12,4.9,2361,7695.25,1,1
5,8,4.6,2361,7695.25,1,0
1,10,4.8,2087,4051.53,3,1
2,7,4.5,2087,4051.53,3,0
3,5,4.2,2087,4051.53,3,0
4,12,4.9,2087,4051.53,3,1
5,8,4.6,2087,4051.53,3,0
1,10,4.8,1801,3355.69,3,1
2,7,4.5,1801,3355.69,3,0
3,5,4.2,1801,3355.69,3,0
4,12,4.9,1801,3355.69,3,1
5,8,4.6,1801,3355.69,3,0
1,10,4.8,600,1730.1,1,0
2,7,4.5,600,1730.1,1,0
3,5,4.2,600,1730.1,1,0
4,12,4.9,600,1730.1,1,0
5,8,4.6,600,1730.1,1,0
1,10,4.8,305,1026.77,2,1
2,7,4.5,305,1026.77,2,0
3,5,4.2,305,1026.77,2,0
4,12,4.9,305,1026.77,2,0
5,8,4.6,305,1026.77,2,0
1,10,4.8,1966,3559.13,3,1
2,7,4.5,1966,3559.13,3,0
3,5,4.2,1966,3559.13,3,0
4,12,4.9,1966,3559.13,3,1
5,8,4.6,1966,3559.13,3,0
1,10,4.8,2025,6002.38,1,0
2,7,4.5,2025,6002.38,1,0
3,5,4.2,2025,6002.38,1,0
4,12,4.9,2025,6002.38,1,0
5,8,4.6,2025,6002.38,1,0
1,10,4.8,1030,3428.81,1,0
2,7,4.5,1030,3428.81,1,0
3,5,4.2,1030,3428.81,1,0
4,12,4.9,1030,3428.81,1,0
5,8,4.6,1030,3428.81,1,0
1,10,4.8,1206,1815.23,2,0
2,7,4.5,1206,1815.23,2,0
3,5,4.2,1206,1815.23,2,0
4,12,4.9,1206,1815.23,2,0
5,8,4.6,1206,1815.23,2,0
1,10,4.8,1537,2769.59,1,0
2,7,4.5,1537,2769.59,1,0
3,5,4.2,1537,2769.59,1,0
4,12,4.9,1537,2769.59,1,0
5,8,4.6,1537,2769.59,1,0
1,10,4.8,2241,5088.7,3,1
2,7,4.5,2241,5088.7,3,0
3,5,4.2,2241,5088.7,3,0
4,12,4.9,2241,5088.7,3,1
5,8,4.6,2241,5088.7,3,0
1,10,4.8,1697,3315.73,3,1
2,7,4.5,1697,3315.73,3,0
3,5,4.2,1697,3315.73,3,0
4,12,4.9,1697,3315.73,3,1
5,8,4.6,1697,3315.73,3,0
1,10,4.8,1159,2839.16,2,0
2,7,4.5,1159,2839.16,2,0
3,5,4.2,1159,2839.16,2,0
4,12,4.9,1159,2839.16,2,0
5,8,4.6,1159,2839.16,2,1
1,10,4.8,2273,6657.92,2,0
2,7,4.5,2273,6657.92,2,0
3,5,4.2,2273,6657.92,2,0
4,12,4.9,2273,6657.92,2,0
5,8,4.6,2273,6657.92,2,0
1,10,4.8,2392,4190.81,3,1
2,7,4.5,2392,4190.81,3,0
3,5,4.2,2392,4190.81,3,0
4,12,4.9,2392,4190.81,3,1
5,8,4.6,2392,4190.81,3,0
1,10,4.8,673,1239.58,3,1
2,7,4.5,673,1239.58,3,0
3,5,4.2,673,1239.58,3,0
4,12,4.9,673,1239.58,3,1
5,8,4.6,673,1239.58,3,0
1,10,4.8,1767,4159.05,2,0
2,7,4.5,1767,4159.05,2,0
3,5,4.2,1767,4159.05,2,0
4,12,4.9,1767,4159.05,2,0
5,8,4.6,1767,4159.05,2,0
1,10,4.8,747,1457.02,1,0
2,7,4.5,747,1457.02,1,0
3,5,4.2,747,1457.02,1,0
4,12,4.9,747,1457.02,1,1
5,8,4.6,747,1457.02,1,0
1,10,4.8,2023,7049.78,1,0
2,7,4.5,2023,7049.78,1,0
3,5,4.2,2023,7049.78,1,0
4,12,4.9,2023,7049.78,1,0
5,8,4.6,2023,7049.78,1,0
1,10,4.8,1815,3006.52,1,0
2,7,4.5,1815,3006.52,1,0
3,5,4.2,1815,3006.52,1,0
4,12,4.9,1815,3006.52,1,0
5,8,4.6,1815,3006.52,1,1
1,10,4.8,454,730.7,1,1
2,7,4.5,454,730.7,1,0
3,5,4.2,454,730.7,1,0
4,12,4.9,454,730.7,1,0
5,8,4.6,454,730.7,1,0
1,10,4.8,844,2714.53,1,0
2,7,4.5,844,2714.53,1,0
3,5,4.2,844,2714.53,1,0
4,12,4.9,844,2714.53,1,0
5,8,4.6,844,2714.53,1,1
1,10,4.8,1992,3567.12,3,1
2,7,4.5,1992,3567.12,3,0
3,5,4.2,1992,3567.12,3,0
4,12,4.9,1992,3567.12,3,1
5,8,4.6,1992,3567.12,3,0
1,10,4.8,2380,7710.78,2,0
2,7,4.5,2380,7710.78,2,0
3,5,4.2,2380,7710.78,2,0
4,12,4.9,2380,7710.78,2,0
5,8,4.6,2380,7710.78,2,0
1,10,4.8,252,601.71,1,0
2,7,4.5,252,601.71,1,0
3,5,4.2,252,601.71,1,0
4,12,4.9,252,601.71,1,0
5,8,4.6,252,601.71,1,1
1,10,4.8,1103,3552.51,1,0
2,7,4.5,1103,3552.51,1,0
3,5,4.2,1103,3552.51,1,0
4,12,4.9,1103,3552.51,1,0
5,8,4.6,1103,3552.51,1,0
1,10,4.8,1331,4156.47,3,1
2,7,4.5,1331,4156.47,3,0
3,5,4.2,1331,4156.47,3,0
4,12,4.9,1331,4156.47,3,1
5,8,4.6,1331,4156.47,3,0
1,10,4.8,1792,2784.23,3,1
2,7,4.5,1792,2784.23,3,0
3,5,4.2,1792,2784.23,3,0
4,12,4.9,1792,2784.23,3,1
5,8,4.6,1792,2784.23,3,0
1,10,4.8,479,1228.24,3,1
2,7,4.5,479,1228.24,3,0
3,5,4.2,479,1228.24,3,0
4,12,4.9,479,1228.24,3,1
5,8,4.6,479,1228.24,3,1
1,10,4.8,314,896.57,3,1
2,7,4.5,314,896.57,3,0
3,5,4.2,314,896.57,3,0
4,12,4.9,314,896.57,3,1
5,8,4.6,314,896.57,3,0
1,10,4.8,1195,2471.37,3,1
2,7,4.5,1195,2471.37,3,0
3,5,4.2,1195,2471.37,3,0
4,12,4.9,1195,2471.37,3,1
5,8,4.6,1195,2471.37,3,0
1,10,4.8,215,462.89,2,1
2,7,4.5,215,462.89,2,0
3,5,4.2,215,462.89,2,0
4,12,4.9,215,462.89,2,0
5,8,4.6,215,462.89,2,0
1,10,4.8,1239,2040.1,2,0
2,7,4.5,1239,2040.1,2,0
3,5,4.2,1239,2040.1,2,0
4,12,4.9,1239,2040.1,2,0
5,8,4.6,1239,2040.1,2,1
1,10,4.8,1951,3226.39,3,1
2,7,4.5,1951,3226.39,3,0
3,5,4.2,1951,3226.39,3,0
4,12,4.9,1951,3226.39,3,1
5,8,4.6,1951,3226.39,3,1
1,10,4.8,811,2536.37,3,1
2,7,4.5,811,2536.37,3,0
3,5,4.2,811,2536.37,3,0
4,12,4.9,811,2536.37,3,1
5,8,4.6,811,2536.37,3,0
1,10,4.8,725,1136.16,3,1
2,7,4.5,725,1136.16,3,0
3,5,4.2,725,1136.16,3,0
4,12,4.9,725,1136.16,3,1
5,8,4.6,725,1136.16,3,0
1,10,4.8,2415,6548.04,2,0
2,7,4.5,2415,6548.04,2,0
3,5,4.2,2415,6548.04,2,0
4,12,4.9,2415,6548.04,2,0
5,8,4.6,2415,6548.04,2,0
1,10,4.8,2275,6657.09,1,0
2,7,4.5,2275,6657.09,1,0
3,5,4.2,2275,6657.09,1,0
4,12,4.9,2275,6657.09,1,1
5,8,4.6,2275,6657.09,1,0
1,10,4.8,868,1531.27,2,0
2,7,4.5,868,1531.27,2,0
3,5,4.2,868,1531.27,2,0
4,12,4.9,868,1531.27,2,0
5,8,4.6,868,1531.27,2,1
1,10,4.8,287,897.29,3,1
2,7,4.5,287,897.29,3,0
3,5,4.2,287,897.29,3,0
4,12,4.9,287,897.29,3,1
5,8,4.6,287,897.29,3,0
1,10,4.8,1417,2152.88,1,0
2,7,4.5,1417,2152.88,1,0
3,5,4.2,1417,2152.88,1,0
4,12,4.9,1417,2152.88,1,0
5,8,4.6,1417,2152.88,1,1
1,10,4.8,1972,3803.44,1,0
2,7,4.5,1972,3803.44,1,0
3,5,4.2,1972,3803.44,1,0
4,12,4.9,1972,3803.44,1,0
5,8,4.6,1972,3803.44,1,0
1,10,4.8,2463,4512.5,1,0
2,7,4.5,2463,4512.5,1,0
3,5,4.2,2463,4512.5,1,0
4,12,4.9,2463,4512.5,1,0
5,8,4.6,2463,4512.5,1,0
1,10,4.8,1038,1602.88,3,1
2,7,4.5,1038,1602.88,3,0
3,5,4.2,1038,1602.88,3,0
4,12,4.9,1038,1602.88,3,1
5,8,4.6,1038,1602.88,3,0
1,10,4.8,179,512.08,3,1
2,7,4.5,179,512.08,3,0
3,5,4.2,179,512.08,3,0
4,12,4.9,179,512.08,3,1
5,8,4.6,179,512.08,3,0
1,10,4.8,1544,2447.04,1,1
2,7,4.5,1544,2447.04,1,0
3,5,4.2,1544,2447.04,1,0
4,12,4.9,1544,2447.04,1,0
5,8,4.6,1544,2447.04,1,0
1,10,4.8,2043,4434.41,3,1
2,7,4.5,2043,4434.41,3,0
3,5,4.2,2043,4434.41,3,0
4,12,4.9,2043,4434.41,3,1
5,8,4.6,2043,4434.41,3,1
1,10,4.8,129,424.96,3,1
2,7,4.5,129,424.96,3,0
3,5,4.2,129,424.96,3,0
4,12,4.9,129,424.96,3,1
5,8,4.6,129,424.96,3,0
1,10,4.8,465,1196.1,2,0
2,7,4.5,465,1196.1,2,0
3,5,4.2,465,1196.1,2,0
4,12,4.9,465,1196.1,2,1
5,8,4.6,465,1196.1,2,0
1,10,4.8,391,1153.11,1,0
2,7,4.5,391,1153.11,1,0
3,5,4.2,391,1153.11,1,0
4,12,4.9,391,1153.11,1,1
5,8,4.6,391,1153.11,1,0
1,10,4.8,721,2241.87,3,1
2,7,4.5,721,2241.87,3,0
3,5,4.2,721,2241.87,3,0
4,12,4.9,721,2241.87,3,1
5,8,4.6,721,2241.87,3,1
1,10,4.8,1476,4202.2,1,0
2,7,4.5,1476,4202.2,1,0
3,5,4.2,1476,4202.2,1,0
4,12,4.9,1476,4202.2,1,0
5,8,4.6,1476,4202.2,1,0
1,10,4.8,1444,4411.7,3,1
2,7,4.5,1444,4411.7,3,0
3,5,4.2,1444,4411.7,3,0
4,12,4.9,1444,4411.7,3,1
5,8,4.6,1444,4411.7,3,0
1,10,4.8,2497,4929.49,2,0
2,7,4.5,2497,4929.49,2,0
3,5,4.2,2497,4929.49,2,0
4,12,4.9,2497,4929.49,2,1
5,8,4.6,2497,4929.49,2,0
1,10,4.8,1209,3577.68,3,1
2,7,4.5,1209,3577.68,3,0
3,5,4.2,1209,3577.68,3,0
4,12,4.9,1209,3577.68,3,1
5,8,4.6,1209,3577.68,3,0
1,10,4.8,739,2116.87,1,0
2,7,4.5,739,2116.87,1,0
3,5,4.2,739,2116.87,1,0
4,12,4.9,739,2116.87,1,1
5,8,4.6,739,2116.87,1,0
1,10,4.8,352,663.89,2,1
2,7,4.5,352,663.89,2,0
3,5,4.2,352,663.89,2,0
4,12,4.9,352,663.89,2,0
5,8,4.6,352,663.89,2,0
1,10,4.8,1510,4233.19,2,0
2,7,4.5,1510,4233.19,2,0
3,5,4.2,1510,4233.19,2,0
4,12,4.9,1510,4233.19,2,0
5,8,4.6,1510,4233.19,2,0
1,10,4.8,2268,5105.3,2,0
2,7,4.5,2268,5105.3,2,0
3,5,4.2,2268,5105.3,2,0
4,12,4.9,2268,5105.3,2,0
5,8,4.6,2268,5105.3,2,0
1,10,4.8,715,2075.75,2,1
2,7,4.5,715,2075.75,2,0
3,5,4.2,715,2075.75,2,0
4,12,4.9,715,2075.75,2,0
5,8,4.6,715,2075.75,2,0
1,10,4.8,1461,4073.58,2,0
2,7,4.5,1461,4073.58,2,0
3,5,4.2,1461,4073.58,2,0
4,12,4.9,1461,4073.58,2,0
5,8,4.6,1461,4073.58,2,0
1,10,4.8,467,1271.4,1,0
2,7,4.5,467,1271.4,1,0
3,5,4.2,467,1271.4,1,0
4,12,4.9,467,1271.4,1,0
5,8,4.6,467,1271.4,1,1
1,10,4.8,799,2251.69,2,0
2,7,4.5,799,2251.69,2,0
3,5,4.2,799,2251.69,2,0
4,12,4.9,799,2251.69,2,0
5,8,4.6,799,2251.69,2,1
1,10,4.8,1594,2488.21,3,1
2,7,4.5,1594,2488.21,3,0
3,5,4.2,1594,2488.21,3,0
4,12,4.9,1594,2488.21,3,1
5,8,4.6,1594,2488.21,3,0
1,10,4.8,486,1563.0,3,1
2,7,4.5,486,1563.0,3,0
3,5,4.2,486,1563.0,3,0
4,12,4.9,486,1563.0,3,1
5,8,4.6,486,1563.0,3,0
1,10,4.8,861,1645.52,1,0
2,7,4.5,861,1645.52,1,0
3,5,4.2,861,1645.52,1,0
4,12,4.9,861,1645.52,1,0
5,8,4.6,861,1645.52,1,0
1,10,4.8,1466,3562.65,1,0
2,7,4.5,1466,3562.65,1,0
3,5,4.2,1466,3562.65,1,0
4,12,4.9,1466,3562.65,1,0
5,8,4.6,1466,3562.65,1,0
1,10,4.8,615,1731.18,2,0
2,7,4.5,615,1731.18,2,0
3,5,4.2,615,1731.18,2,0
4,12,4.9,615,1731.18,2,0
5,8,4.6,615,1731.18,2,1
1,10,4.8,1504,3920.68,3,1
2,7,4.5,1504,3920.68,3,0
3,5,4.2,1504,3920.68,3,0
4,12,4.9,1504,3920.68,3,1
5,8,4.6,1504,3920.68,3,0
1,10,4.8,1824,5797.15,3,1
2,7,4.5,1824,5797.15,3,0
3,5,4.2,1824,5797.15,3,0
4,12,4.9,1824,5797.15,3,1
5,8,4.6,1824,5797.15,3,0
1,10,4.8,140,308.92,1,0
2,7,4.5,140,308.92,1,0
3,5,4.2,140,308.92,1,0
4,12,4.9,140,308.92,1,0
5,8,4.6,140,308.92,1,0
1,10,4.8,1236,3320.03,1,0
2,7,4.5,1236,3320.03,1,0
3,5,4.2,1236,3320.03,1,0
4,12,4.9,1236,3320.03,1,0
5,8,4.6,1236,3320.03,1,0
1,10,4.8,504,1340.98,3,1
2,7,4.5,504,1340.98,3,0
3,5,4.2,504,1340.98,3,0
4,12,4.9,504,1340.98,3,1
5,8,4.6,504,1340.98,3,1
1,10,4.8,2211,3540.35,1,0
2,7,4.5,2211,3540.35,1,0
3,5,4.2,2211,3540.35,1,0
4,12,4.9,2211,3540.35,1,0
5,8,4.6,2211,3540.35,1,0
1,10,4.8,2149,5886.06,3,1
2,7,4.5,2149,5886.06,3,0
3,5,4.2,2149,5886.06,3,0
4,12,4.9,2149,5886.06,3,1
5,8,4.6,2149,5886.06,3,0
1,10,4.8,424,663.55,3,1
2,7,4.5,424,663.55,3,0
3,5,4.2,424,663.55,3,0
4,12,4.9,424,663.55,3,1
5,8,4.6,424,663.55,3,0
1,10,4.8,588,1782.08,2,0
2,7,4.5,588,1782.08,2,0
3,5,4.2,588,1782.08,2,0
4,12,4.9,588,1782.08,2,1
5,8,4.6,588,1782.08,2,0
1,10,4.8,118,394.77,3,1
2,7,4.5,118,394.77,3,0
3,5,4.2,118,394.77,3,0
4,12,4.9,118,394.77,3,1
5,8,4.6,118,394.77,3,0
1,10,4.8,1832,4235.52,2,1
2,7,4.5,1832,4235.52,2,0
3,5,4.2,1832,4235.52,2,0
4,12,4.9,1832,4235.52,2,0
5,8,4.6,1832,4235.52,2,0
1,10,4.8,1903,5757.85,3,1
2,7,4.5,1903,5757.85,3,0
3,5,4.2,1903,5757.85,3,0
4,12,4.9,1903,5757.85,3,1
5,8,4.6,1903,5757.85,3,0
1,10,4.8,1668,4475.82,2,0
2,7,4.5,1668,4475.82,2,0
3,5,4.2,1668,4475.82,2,0
4,12,4.9,1668,4475.82,2,1
5,8,4.6,1668,4475.82,2,0
1,10,4.8,907,2301.75,2,0
2,7,4.5,907,2301.75,2,0
3,5,4.2,907,2301.75,2,0
4,12,4.9,907,2301.75,2,0
5,8,4.6,907,2301.75,2,1
1,10,4.8,956,3309.63,1,0
2,7,4.5,956,3309.63,1,0
3,5,4.2,956,3309.63,1,0
4,12,4.9,956,3309.63,1,0
5,8,4.6,956,3309.63,1,0
1,10,4.8,1467,2887.05,1,0
2,7,4.5,1467,2887.05,1,0
3,5,4.2,1467,2887.05,1,0
4,12,4.9,1467,2887.05,1,0
5,8,4.6,1467,2887.05,1,1
1,10,4.8,1857,6241.42,2,0
2,7,4.5,1857,6241.42,2,0
3,5,4.2,1857,6241.42,2,0
4,12,4.9,1857,6241.42,2,1
5,8,4.6,1857,6241.42,2,0
1,10,4.8,1657,3713.68,3,1
2,7,4.5,1657,3713.68,3,0
3,5,4.2,1657,3713.68,3,0
4,12,4.9,1657,3713.68,3,1
5,8,4.6,1657,3713.68,3,0
1,10,4.8,1574,3278.2,2,1
2,7,4.5,1574,3278.2,2,0
3,5,4.2,1574,3278.2,2,0
4,12,4.9,1574,3278.2,2,0
5,8,4.6,1574,3278.2,2,0
1,10,4.8,1475,3496.86,2,0
2,7,4.5,1475,3496.86,2,0
3,5,4.2,1475,3496.86,2,0
4,12,4.9,1475,3496.86,2,0
5,8,4.6,1475,3496.86,2,0
1,10,4.8,726,1304.91,2,0
2,7,4.5,726,1304.91,2,0
3,5,4.2,726,1304.91,2,0
4,12,4.9,726,1304.91,2,1
5,8,4.6,726,1304.91,2,0
1,10,4.8,1925,6351.97,1,1
2,7,4.5,1925,6351.97,1,0
3,5,4.2,1925,6351.97,1,0
4,12,4.9,1925,6351.97,1,0
5,8,4.6,1925,6351.97,1,0
1,10,4.8,772,1820.05,2,0
2,7,4.5,772,1820.05,2,0
3,5,4.2,772,1820.05,2,0
4,12,4.9,772,1820.05,2,0
5,8,4.6,772,1820.05,2,0
1,10,4.8,2161,5986.23,1,1
2,7,4.5,2161,5986.23,1,0
3,5,4.2,2161,5986.23,1,0
4,12,4.9,2161,5986.23,1,0
5,8,4.6,2161,5986.23,1,0
1,10,4.8,983,2470.65,2,0
2,7,4.5,983,2470.65,2,0
3,5,4.2,983,2470.65,2,0
4,12,4.9,983,2470.65,2,0
5,8,4.6,983,2470.65,2,0
1,10,4.8,2302,5026.22,1,0
2,7,4.5,2302,5026.22,1,0
3,5,4.2,2302,5026.22,1,0
4,12,4.9,2302,5026.22,1,1
5,8,4.6,2302,5026.22,1,0
1,10,4.8,117,393.26,3,1
2,7,4.5,117,393.26,3,0
3,5,4.2,117,393.26,3,0
4,12,4.9,117,393.26,3,1
5,8,4.6,117,393.26,3,0
1,10,4.8,670,1811.82,3,1
2,7,4.5,670,1811.82,3,0
3,5,4.2,670,1811.82,3,0
4,12,4.9,670,1811.82,3,1
5,8,4.6,670,1811.82,3,0
1,10,4.8,748,2292.56,3,1
2,7,4.5,748,2292.56,3,0
3,5,4.2,748,2292.56,3,0
4,12,4.9,748,2292.56,3,1
5,8,4.6,748,2292.56,3,0
1,10,4.8,607,2020.14,1,0
2,7,4.5,607,2020.14,1,0
3,5,4.2,607,2020.14,1,0
4,12,4.9,607,2020.14,1,0
5,8,4.6,607,2020.14,1,0
1,10,4.8,1996,5447.74,2,0
2,7,4.5,1996,5447.74,2,0
3,5,4.2,1996,5447.74,2,0
4,12,4.9,1996,5447.74,2,0
5,8,4.6,1996,5447.74,2,0
1,10,4.8,533,1455.99,2,0
2,7,4.5,533,1455.99,2,0
3,5,4.2,533,1455.99,2,0
4,12,4.9,533,1455.99,2,0
5,8,4.6,533,1455.99,2,1
1,10,4.8,1518,4573.3,1,0
2,7,4.5,1518,4573.3,1,0
3,5,4.2,1518,4573.3,1,0
4,12,4.9,1518,4573.3,1,0
5,8,4.6,1518,4573.3,1,0
1,10,4.8,720,1414.99,3,1
2,7,4.5,720,1414.99,3,0
3,5,4.2,720,1414.99,3,0
4,12,4.9,720,1414.99,3,1
5,8,4.6,720,1414.99,3,0
1,10,4.8,1382,3124.86,3,1
2,7,4.5,1382,3124.86,3,0
3,5,4.2,1382,3124.86,3,0
4,12,4.9,1382,3124.86,3,1
5,8,4.6,1382,3124.86,3,1
1,10,4.8,1388,3083.32,1,0
2,7,4.5,1388,3083.32,1,0
3,5,4.2,1388,3083.32,1,0
4,12,4.9,1388,3083.32,1,0
5,8,4.6,1388,3083.32,1,0
1,10,4.8,831,2482.22,2,1
2,7,4.5,831,2482.22,2,0
3,5,4.2,831,2482.22,2,0
4,12,4.9,831,2482.22,2,0
5,8,4.6,831,2482.22,2,0
1,10,4.8,1980,6564.3,3,1
2,7,4.5,1980,6564.3,3,0
3,5,4.2,1980,6564.3,3,0
4,12,4.9,1980,6564.3,3,1
5,8,4.6,1980,6564.3,3,0
1,10,4.8,513,1160.96,3,1
2,7,4.5,513,1160.96,3,0
3,5,4.2,513,1160.96,3,0
4,12,4.9,513,1160.96,3,1
5,8,4.6,513,1160.96,3,0
1,10,4.8,2165,6269.98,3,1
2,7,4.5,2165,6269.98,3,0
3,5,4.2,2165,6269.98,3,0
4,12,4.9,2165,6269.98,3,1
5,8,4.6,2165,6269.98,3,0
1,10,4.8,1089,3783.61,1,1
2,7,4.5,1089,3783.61,1,0
3,5,4.2,1089,3783.61,1,0
4,12,4.9,1089,3783.61,1,0
5,8,4.6,1089,3783.61,1,0
1,10,4.8,815,2144.44,3,1
2,7,4.5,815,2144.44,3,0
3,5,4.2,815,2144.44,3,0
4,12,4.9,815,2144.44,3,1
5,8,4.6,815,2144.44,3,0
1,10,4.8,353,743.07,3,1
2,7,4.5,353,743.07,3,0
3,5,4.2,353,743.07,3,0
4,12,4.9,353,743.07,3,1
5,8,4.6,353,743.07,3,0
1,10,4.8,2169,5517.74,2,0
2,7,4.5,2169,5517.74,2,0
3,5,4.2,2169,5517.74,2,0
4,12,4.9,2169,5517.74,2,1
5,8,4.6,2169,5517.74,2,0
1,10,4.8,447,1351.75,2,0
2,7,4.5,447,1351.75,2,0
3,5,4.2,447,1351.75,2,0
4,12,4.9,447,1351.75,2,0
5,8,4.6,447,1351.75,2,0
1,10,4.8,230,499.86,2,0
2,7,4.5,230,499.86,2,0
3,5,4.2,230,499.86,2,0
4,12,4.9,230,499.86,2,0
5,8,4.6,230,499.86,2,0
1,10,4.8,118,410.06,1,1
2,7,4.5,118,410.06,1,0
3,5,4.2,118,410.06,1,0
4,12,4.9,118,410.06,1,0
5,8,4.6,118,410.06,1,0
1,10,4.8,1497,2808.07,3,1
2,7,4.5,1497,2808.07,3,0
3,5,4.2,1497,2808.07,3,0
4,12,4.9,1497,2808.07,3,1
5,8,4.6,1497,2808.07,3,0
1,10,4.8,2054,3321.52,1,0
2,7,4.5,2054,3321.52,1,0
3,5,4.2,2054,3321.52,1,0
4,12,4.9,2054,3321.52,1,0
5,8,4.6,2054,3321.52,1,0
1,10,4.8,1143,3065.84,1,0
2,7,4.5,1143,3065.84,1,0
3,5,4.2,1143,3065.84,1,0
4,12,4.9,1143,3065.84,1,0
5,8,4.6,1143,3065.84,1,0
1,10,4.8,1199,2994.77,3,1
2,7,4.5,1199,2994.77,3,0
3,5,4.2,1199,2994.77,3,0
4,12,4.9,1199,2994.77,3,1
5,8,4.6,1199,2994.77,3,1
1,10,4.8,1239,3243.46,2,0
2,7,4.5,1239,3243.46,2,0
3,5,4.2,1239,3243.46,2,0
4,12,4.9,1239,3243.46,2,0
5,8,4.6,1239,3243.46,2,1
1,10,4.8,580,1540.25,1,0
2,7,4.5,580,1540.25,1,0
3,5,4.2,580,1540.25,1,0
4,12,4.9,580,1540.25,1,0
5,8,4.6,580,1540.25,1,0
1,10,4.8,2015,3084.53,2,0
2,7,4.5,2015,3084.53,2,0
3,5,4.2,2015,3084.53,2,0
4,12,4.9,2015,3084.53,2,1
5,8,4.6,2015,3084.53,2,0
1,10,4.8,1365,4085.12,3,1
2,7,4.5,1365,4085.12,3,0
3,5,4.2,1365,4085.12,3,0
4,12,4.9,1365,4085.12,3,1
5,8,4.6,1365,4085.12,3,0
1,10,4.8,317,602.24,3,1
2,7,4.5,317,602.24,3,0
3,5,4.2,317,602.24,3,0
4,12,4.9,317,602.24,3,1
5,8,4.6,317,602.24,3,0
1,10,4.8,1379,2112.2,2,0
2,7,4.5,1379,2112.2,2,0
3,5,4.2,1379,2112.2,2,0
4,12,4.9,1379,2112.2,2,1
5,8,4.6,1379,2112.2,2,0
1,10,4.8,1053,2387.89,1,0
2,7,4.5,1053,2387.89,1,0
3,5,4.2,1053,2387.89,1,0
4,12,4.9,1053,2387.89,1,0
5,8,4.6,1053,2387.89,1,0
1,10,4.8,493,1381.73,1,0
2,7,4.5,493,1381.73,1,0
3,5,4.2,493,1381.73,1,0
4,12,4.9,493,1381.73,1,1
5,8,4.6,493,1381.73,1,0
1,10,4.8,1179,2983.22,1,0
2,7,4.5,1179,2983.22,1,0
3,5,4.2,1179,2983.22,1,0
4,12,4.9,1179,2983.22,1,0
5,8,4.6,1179,2983.22,1,0
1,10,4.8,1095,3215.53,2,0
2,7,4.5,1095,3215.53,2,0
3,5,4.2,1095,3215.53,2,0
4,12,4.9,1095,3215.53,2,0
5,8,4.6,1095,3215.53,2,0
1,10,4.8,991,1527.76,2,0
2,7,4.5,991,1527.76,2,0
3,5,4.2,991,1527.76,2,0
4,12,4.9,991,1527.76,2,0
5,8,4.6,991,1527.76,2,0
1,10,4.8,2093,5093.01,3,1
2,7,4.5,2093,5093.01,3,0
3,5,4.2,2093,5093.01,3,0
4,12,4.9,2093,5093.01,3,1
5,8,4.6,2093,5093.01,3,0
1,10,4.8,1074,2378.83,2,0
2,7,4.5,1074,2378.83,2,0
3,5,4.2,1074,2378.83,2,0
4,12,4.9,1074,2378.83,2,1
5,8,4.6,1074,2378.83,2,0
1,10,4.8,1862,3463.79,2,0
2,7,4.5,1862,3463.79,2,0
3,5,4.2,1862,3463.79,2,0
4,12,4.9,1862,3463.79,2,1
5,8,4.6,1862,3463.79,2,0
1,10,4.8,2307,5957.3,1,0
2,7,4.5,2307,5957.3,1,0
3,5,4.2,2307,5957.3,1,0
4,12,4.9,2307,5957.3,1,0
5,8,4.6,2307,5957.3,1,0
1,10,4.8,205,342.18,2,0
2,7,4.5,205,342.18,2,0
3,5,4.2,205,342.18,2,0
4,12,4.9,205,342.18,2,0
5,8,4.6,205,342.18,2,1
1,10,4.8,574,1552.46,1,0
2,7,4.5,574,1552.46,1,0
3,5,4.2,574,1552.46,1,0
4,12,4.9,574,1552.46,1,0
5,8,4.6,574,1552.46,1,0
1,10,4.8,2190,5170.3,1,0
2,7,4.5,2190,5170.3,1,0
3,5,4.2,2190,5170.3,1,0
4,12,4.9,2190,5170.3,1,0
5,8,4.6,2190,5170.3,1,0
1,10,4.8,236,670.19,3,1
2,7,4.5,236,670.19,3,0
3,5,4.2,236,670.19,3,0
4,12,4.9,236,670.19,3,1
5,8,4.6,236,670.19,3,0
1,10,4.8,280,890.68,1,1
2,7,4.5,280,890.68,1,0
3,5,4.2,280,890.68,1,0
4,12,4.9,280,890.68,1,0
5,8,4.6,280,890.68,1,0
1,10,4.8,1389,3838.73,1,0
2,7,4.5,1389,3838.73,1,0
3,5,4.2,1389,3838.73,1,0
4,12,4.9,1389,3838.73,1,0
5,8,4.6,1389,3838.73,1,0
1,10,4.8,1389,3017.39,1,0
2,7,4.5,1389,3017.39,1,0
3,5,4.2,1389,3017.39,1,0
4,12,4.9,1389,3017.39,1,0
5,8,4.6,1389,3017.39,1,0
1,10,4.8,2102,6962.52,3,1
2,7,4.5,2102,6962.52,3,0
3,5,4.2,2102,6962.52,3,0
4,12,4.9,2102,6962.52,3,1
5,8,4.6,2102,6962.52,3,0
1,10,4.8,270,608.94,2,1
2,7,4.5,270,608.94,2,0
3,5,4.2,270,608.94,2,0
4,12,4.9,270,608.94,2,0
5,8,4.6,270,608.94,2,0
1,10,4.8,883,1622.26,1,0
2,7,4.5,883,1622.26,1,0
3,5,4.2,883,1622.26,1,0
4,12,4.9,883,1622.26,1,0
5,8,4.6,883,1622.26,1,0
1,10,4.8,846,1638.49,1,1
2,7,4.5,846,1638.49,1,0
3,5,4.2,846,1638.49,1,0
4,12,4.9,846,1638.49,1,0
5,8,4.6,846,1638.49,1,0
1,10,4.8,340,547.48,3,1
2,7,4.5,340,547.48,3,0
3,5,4.2,340,547.48,3,0
4,12,4.9,340,547.48,3,1
5,8,4.6,340,547.48,3,1
1,10,4.8,1349,2701.13,2,0
2,7,4.5,1349,2701.13,2,0
3,5,4.2,1349,2701.13,2,0
4,12,4.9,1349,2701.13,2,0
5,8,4.6,1349,2701.13,2,0
1,10,4.8,765,2098.99,2,0
2,7,4.5,765,2098.99,2,0
3,5,4.2,765,2098.99,2,0
4,12,4.9,765,2098.99,2,0
5,8,4.6,765,2098.99,2,0
1,10,4.8,734,1557.48,3,1
2,7,4.5,734,1557.48,3,0
3,5,4.2,734,1557.48,3,0
4,12,4.9,734,1557.48,3,1
5,8,4.6,734,1557.48,3,1
1,10,4.8,1977,5874.77,1,0
2,7,4.5,1977,5874.77,1,0
3,5,4.2,1977,5874.77,1,0
4,12,4.9,1977,5874.77,1,0
5,8,4.6,1977,5874.77,1,0
1,10,4.8,2412,6728.48,1,0
2,7,4.5,2412,6728.48,1,0
3,5,4.2,2412,6728.48,1,0
4,12,4.9,2412,6728.48,1,0
5,8,4.6,2412,6728.48,1,1
1,10,4.8,2269,6616.58,3,1
2,7,4.5,2269,6616.58,3,0
3,5,4.2,2269,6616.58,3,0
4,12,4.9,2269,6616.58,3,1
5,8,4.6,2269,6616.58,3,0
1,10,4.8,706,1327.84,3,1
2,7,4.5,706,1327.84,3,0
3,5,4.2,706,1327.84,3,0
4,12,4.9,706,1327.84,3,1
5,8,4.6,706,1327.84,3,0
1,10,4.8,1484,3831.51,2,0
2,7,4.5,1484,3831.51,2,0
3,5,4.2,1484,3831.51,2,0
4,12,4.9,1484,3831.51,2,0
5,8,4.6,1484,3831.51,2,1
1,10,4.8,2472,6164.59,3,1
2,7,4.5,2472,6164.59,3,0
3,5,4.2,2472,6164.59,3,0
4,12,4.9,2472,6164.59,3,1
5,8,4.6,2472,6164.59,3,0
1,10,4.8,2037,4068.94,1,1
2,7,4.5,2037,4068.94,1,0
3,5,4.2,2037,4068.94,1,0
4,12,4.9,2037,4068.94,1,0
5,8,4.6,2037,4068.94,1,0
1,10,4.8,2227,6734.35,3,1
2,7,4.5,2227,6734.35,3,0
3,5,4.2,2227,6734.35,3,0
4,12,4.9,2227,6734.35,3,1
5,8,4.6,2227,6734.35,3,0
1,10,4.8,824,2438.76,2,0
2,7,4.5,824,2438.76,2,0
3,5,4.2,824,2438.76,2,0
4,12,4.9,824,2438.76,2,0
5,8,4.6,824,2438.76,2,1
1,10,4.8,1124,3484.14,1,1
2,7,4.5,1124,3484.14,1,0
3,5,4.2,1124,3484.14,1,0
4,12,4.9,1124,3484.14,1,0
5,8,4.6,1124,3484.14,1,0
1,10,4.8,1847,6178.1,1,0
2,7,4.5,1847,6178.1,1,0
3,5,4.2,1847,6178.1,1,0
4,12,4.9,1847,6178.1,1,0
5,8,4.6,1847,6178.1,1,0
1,10,4.8,1690,3822.27,1,0
2,7,4.5,1690,3822.27,1,0
3,5,4.2,1690,3822.27,1,0
4,12,4.9,1690,3822.27,1,0
5,8,4.6,1690,3822.27,1,0
1,10,4.8,1867,4677.16,2,0
2,7,4.5,1867,4677.16,2,0
3,5,4.2,1867,4677.16,2,0
4,12,4.9,1867,4677.16,2,1
5,8,4.6,1867,4677.16,2,0
1,10,4.8,2204,4295.05,2,0
2,7,4.5,2204,4295.05,2,0
3,5,4.2,2204,4295.05,2,0
4,12,4.9,2204,4295.05,2,0
5,8,4.6,2204,4295.05,2,0
1,10,4.8,763,1282.75,1,0
2,7,4.5,763,1282.75,1,0
3,5,4.2,763,1282.75,1,0
4,12,4.9,763,1282.75,1,0
5,8,4.6,763,1282.75,1,0
1,10,4.8,222,676.96,2,0
2,7,4.5,222,676.96,2,0
3,5,4.2,222,676.96,2,0
4,12,4.9,222,676.96,2,0
5,8,4.6,222,676.96,2,0
1,10,4.8,1229,2604.4,1,0
2,7,4.5,1229,2604.4,1,0
3,5,4.2,1229,2604.4,1,0
4,12,4.9,1229,2604.4,1,0
5,8,4.6,1229,2604.4,1,1
1,10,4.8,2230,7250.51,3,1
2,7,4.5,2230,7250.51,3,0
3,5,4.2,2230,7250.51,3,0
4,12,4.9,2230,7250.51,3,1
5,8,4.6,2230,7250.51,3,0
1,10,4.8,2281,6992.77,2,0
2,7,4.5,2281,6992.77,2,0
3,5,4.2,2281,6992.77,2,0
4,12,4.9,2281,6992.77,2,0
5,8,4.6,2281,6992.77,2,0
1,10,4.8,1419,4587.64,2,0
2,7,4.5,1419,4587.64,2,0
3,5,4.2,1419,4587.64,2,0
4,12,4.9,1419,4587.64,2,0
5,8,4.6,1419,4587.64,2,0
1,10,4.8,902,2804.1,2,0
2,7,4.5,902,2804.1,2,0
3,5,4.2,902,2804.1,2,0
4,12,4.9,902,2804.1,2,0
5,8,4.6,902,2804.1,2,0
1,10,4.8,107,247.96,2,0
2,7,4.5,107,247.96,2,0
3,5,4.2,107,247.96,2,0
4,12,4.9,107,247.96,2,0
5,8,4.6,107,247.96,2,0
1,10,4.8,1724,5501.19,2,0
2,7,4.5,1724,5501.19,2,0
3,5,4.2,1724,5501.19,2,0
4,12,4.9,1724,5501.19,2,0
5,8,4.6,1724,5501.19,2,0
1,10,4.8,1047,2924.89,1,0
2,7,4.5,1047,2924.89,1,0
3,5,4.2,1047,2924.89,1,0
4,12,4.9,1047,2924.89,1,0
5,8,4.6,1047,2924.89,1,0
1,10,4.8,2113,4344.52,2,0
2,7,4.5,2113,4344.52,2,0
3,5,4.2,2113,4344.52,2,0
4,12,4.9,2113,4344.52,2,0
5,8,4.6,2113,4344.52,2,0
1,10,4.8,593,1854.75,1,0
2,7,4.5,593,1854.75,1,0
3,5,4.2,593,1854.75,1,0
4,12,4.9,593,1854.75,1,0
5,8,4.6,593,1854.75,1,0
1,10,4.8,1349,4559.81,3,1
2,7,4.5,1349,4559.81,3,0
3,5,4.2,1349,4559.81,3,0
4,12,4.9,1349,4559.81,3,1
5,8,4.6,1349,4559.81,3,0
1,10,4.8,284,843.97,2,1
2,7,4.5,284,843.97,2,0
3,5,4.2,284,843.97,2,0
4,12,4.9,284,843.97,2,0
5,8,4.6,284,843.97,2,0
1,10,4.8,1156,4015.39,3,1
2,7,4.5,1156,4015.39,3,0
3,5,4.2,1156,4015.39,3,0
4,12,4.9,1156,4015.39,3,1
5,8,4.6,1156,4015.39,3,0
1,10,4.8,635,1520.75,3,1
2,7,4.5,635,1520.75,3,0
3,5,4.2,635,1520.75,3,0
4,12,4.9,635,1520.75,3,1
5,8,4.6,635,1520.75,3,0
1,10,4.8,1190,2738.53,1,1
2,7,4.5,1190,2738.53,1,0
3,5,4.2,1190,2738.53,1,0
4,12,4.9,1190,2738.53,1,0
5,8,4.6,1190,2738.53,1,0
1,10,4.8,564,879.78,3,1
2,7,4.5,564,879.78,3,0
3,5,4.2,564,879.78,3,0
4,12,4.9,564,879.78,3,1
5,8,4.6,564,879.78,3,1
1,10,4.8,1033,3408.95,3,1
2,7,4.5,1033,3408.95,3,0
3,5,4.2,1033,3408.95,3,0
4,12,4.9,1033,3408.95,3,1
5,8,4.6,1033,3408.95,3,0
1,10,4.8,1067,2263.42,2,0
2,7,4.5,1067,2263.42,2,0
3,5,4.2,1067,2263.42,2,0
4,12,4.9,1067,2263.42,2,0
5,8,4.6,1067,2263.42,2,1
1,10,4.8,850,2496.7,2,0
2,7,4.5,850,2496.7,2,0
3,5,4.2,850,2496.7,2,0
4,12,4.9,850,2496.7,2,0
5,8,4.6,850,2496.7,2,0
1,10,4.8,2012,3431.43,1,0
2,7,4.5,2012,3431.43,1,0
3,5,4.2,2012,3431.43,1,0
4,12,4.9,2012,3431.43,1,0
5,8,4.6,2012,3431.43,1,0
1,10,4.8,506,856.41,1,0
2,7,4.5,506,856.41,1,0
3,5,4.2,506,856.41,1,0
4,12,4.9,506,856.41,1,0
5,8,4.6,506,856.41,1,0
1,10,4.8,501,1473.69,1,0
2,7,4.5,501,1473.69,1,0
3,5,4.2,501,1473.69,1,0
4,12,4.9,501,1473.69,1,0
5,8,4.6,501,1473.69,1,0
1,10,4.8,105,339.48,2,0
2,7,4.5,105,339.48,2,0
3,5,4.2,105,339.48,2,0
4,12,4.9,105,339.48,2,0
5,8,4.6,105,339.48,2,0
1,10,4.8,1282,3325.17,3,1
2,7,4.5,1282,3325.17,3,0
3,5,4.2,1282,3325.17,3,0
4,12,4.9,1282,3325.17,3,1
5,8,4.6,1282,3325.17,3,0
1,10,4.8,1993,6241.23,2,0
2,7,4.5,1993,6241.23,2,0
3,5,4.2,1993,6241.23,2,0
4,12,4.9,1993,6241.23,2,0
5,8,4.6,1993,6241.23,2,0
1,10,4.8,2322,5488.94,3,1
2,7,4.5,2322,5488.94,3,0
3,5,4.2,2322,5488.94,3,0
4,12,4.9,2322,5488.94,3,1
5,8,4.6,2322,5488.94,3,0
1,10,4.8,2352,4402.82,1,1
2,7,4.5,2352,4402.82,1,0
3,5,4.2,2352,4402.82,1,0
4,12,4.9,2352,4402.82,1,0
5,8,4.6,2352,4402.82,1,0
1,10,4.8,2151,6986.71,2,0
2,7,4.5,2151,6986.71,2,0
3,5,4.2,2151,6986.71,2,0
4,12,4.9,2151,6986.71,2,0
5,8,4.6,2151,6986.71,2,0
1,10,4.8,1481,2643.6,3,1
2,7,4.5,1481,2643.6,3,0
3,5,4.2,1481,2643.6,3,0
4,12,4.9,1481,2643.6,3,1
5,8,4.6,1481,2643.6,3,0
1,10,4.8,327,740.37,2,1
2,7,4.5,327,740.37,2,0
3,5,4.2,327,740.37,2,0
4,12,4.9,327,740.37,2,0
5,8,4.6,327,740.37,2,0
1,10,4.8,1033,2362.05,1,0
2,7,4.5,1033,2362.05,1,0
3,5,4.2,1033,2362.05,1,0
4,12,4.9,1033,2362.05,1,0
5,8,4.6,1033,2362.05,1,1
1,10,4.8,858,1762.32,3,1
2,7,4.5,858,1762.32,3,0
3,5,4.2,858,1762.32,3,0
4,12,4.9,858,1762.32,3,1
5,8,4.6,858,1762.32,3,1
1,10,4.8,186,545.29,2,0
2,7,4.5,186,545.29,2,0
3,5,4.2,186,545.29,2,0
4,12,4.9,186,545.29,2,1
5,8,4.6,186,545.29,2,0
1,10,4.8,1658,3063.15,3,1
2,7,4.5,1658,3063.15,3,0
3,5,4.2,1658,3063.15,3,0
4,12,4.9,1658,3063.15,3,1
5,8,4.6,1658,3063.15,3,0
1,10,4.8,1429,3854.46,2,0
2,7,4.5,1429,3854.46,2,0
3,5,4.2,1429,3854.46,2,0
4,12,4.9,1429,3854.46,2,0
5,8,4.6,1429,3854.46,2,0
1,10,4.8,699,1696.39,1,0
2,7,4.5,699,1696.39,1,0
3,5,4.2,699,1696.39,1,0
4,12,4.9,699,1696.39,1,0
5,8,4.6,699,1696.39,1,0
1,10,4.8,346,807.9,3,1
2,7,4.5,346,807.9,3,0
3,5,4.2,346,807.9,3,0
4,12,4.9,346,807.9,3,1
5,8,4.6,346,807.9,3,0
1,10,4.8,1092,3702.44,1,0
2,7,4.5,1092,3702.44,1,0
3,5,4.2,1092,3702.44,1,0
4,12,4.9,1092,3702.44,1,0
5,8,4.6,1092,3702.44,1,0
1,10,4.8,682,1272.93,1,0
2,7,4.5,682,1272.93,1,0
3,5,4.2,682,1272.93,1,0
4,12,4.9,682,1272.93,1,0
5,8,4.6,682,1272.93,1,0
1,10,4.8,1996,3058.26,2,1
2,7,4.5,1996,3058.26,2,0
3,5,4.2,1996,3058.26,2,0
4,12,4.9,1996,3058.26,2,0
5,8,4.6,1996,3058.26,2,0
1,10,4.8,1933,4489.68,2,1
2,7,4.5,1933,4489.68,2,0
3,5,4.2,1933,4489.68,2,0
4,12,4.9,1933,4489.68,2,0
5,8,4.6,1933,4489.68,2,0
1,10,4.8,1757,2738.02,3,1
2,7,4.5,1757,2738.02,3,0
3,5,4.2,1757,2738.02,3,0
4,12,4.9,1757,2738.02,3,1
5,8,4.6,1757,2738.02,3,0
1,10,4.8,2186,6576.75,2,0
2,7,4.5,2186,6576.75,2,0
3,5,4.2,2186,6576.75,2,0
4,12,4.9,2186,6576.75,2,0
5,8,4.6,2186,6576.75,2,0
1,10,4.8,335,759.93,1,0
2,7,4.5,335,759.93,1,0
3,5,4.2,335,759.93,1,0
4,12,4.9,335,759.93,1,0
5,8,4.6,335,759.93,1,0
1,10,4.8,652,995.3,3,1
2,7,4.5,652,995.3,3,0
3,5,4.2,652,995.3,3,0
4,12,4.9,652,995.3,3,1
5,8,4.6,652,995.3,3,0
1,10,4.8,1145,2034.98,2,0
2,7,4.5,1145,2034.98,2,0
3,5,4.2,1145,2034.98,2,0
4,12,4.9,1145,2034.98,2,0
5,8,4.6,1145,2034.98,2,0
1,10,4.8,1384,4795.86,1,0
2,7,4.5,1384,4795.86,1,0
3,5,4.2,1384,4795.86,1,0
4,12,4.9,1384,4795.86,1,0
5,8,4.6,1384,4795.86,1,0
1,10,4.8,173,459.66,1,0
2,7,4.5,173,459.66,1,0
3,5,4.2,173,459.66,1,0
4,12,4.9,173,459.66,1,0
5,8,4.6,173,459.66,1,0
1,10,4.8,704,1165.01,1,1
2,7,4.5,704,1165.01,1,0
3,5,4.2,704,1165.01,1,0
4,12,4.9,704,1165.01,1,0
5,8,4.6,704,1165.01,1,0
1,10,4.8,1639,5377.49,2,0
2,7,4.5,1639,5377.49,2,0
3,5,4.2,1639,5377.49,2,0
4,12,4.9,1639,5377.49,2,0
5,8,4.6,1639,5377.49,2,1
1,10,4.8,1313,2137.67,2,0
2,7,4.5,1313,2137.67,2,0
3,5,4.2,1313,2137.67,2,0
4,12,4.9,1313,2137.67,2,0
5,8,4.6,1313,2137.67,2,0
1,10,4.8,802,1877.86,1,0
2,7,4.5,802,1877.86,1,0
3,5,4.2,802,1877.86,1,0
4,12,4.9,802,1877.86,1,0
5,8,4.6,802,1877.86,1,0
1,10,4.8,430,918.27,3,1
2,7,4.5,430,918.27,3,0
3,5,4.2,430,918.27,3,0
4,12,4.9,430,918.27,3,1
5,8,4.6,430,918.27,3,1
1,10,4.8,1938,6455.74,1,0
2,7,4.5,1938,6455.74,1,0
3,5,4.2,1938,6455.74,1,0
4,12,4.9,1938,6455.74,1,0
5,8,4.6,1938,6455.74,1,1
1,10,4.8,2490,5611.89,2,0
2,7,4.5,2490,5611.89,2,0
3,5,4.2,2490,5611.89,2,0
4,12,4.9,2490,5611.89,2,1
5,8,4.6,2490,5611.89,2,0
1,10,4.8,2053,5242.32,2,1
2,7,4.5,2053,5242.32,2,0
3,5,4.2,2053,5242.32,2,0
4,12,4.9,2053,5242.32,2,0
5,8,4.6,2053,5242.32,2,0
1,10,4.8,1385,4441.8,2,0
2,7,4.5,1385,4441.8,2,0
3,5,4.2,1385,4441.8,2,0
4,12,4.9,1385,4441.8,2,0
5,8,4.6,1385,4441.8,2,1
1,10,4.8,1635,3377.24,1,0
2,7,4.5,1635,3377.24,1,0
3,5,4.2,1635,3377.24,1,0
4,12,4.9,1635,3377.24,1,0
5,8,4.6,1635,3377.24,1,0
1,10,4.8,1445,2276.11,2,0
2,7,4.5,1445,2276.11,2,0
3,5,4.2,1445,2276.11,2,0
4,12,4.9,1445,2276.11,2,0
5,8,4.6,1445,2276.11,2,0
1,10,4.8,1191,1876.94,2,0
2,7,4.5,1191,1876.94,2,0
3,5,4.2,1191,1876.94,2,0
4,12,4.9,1191,1876.94,2,0
5,8,4.6,1191,1876.94,2,0
1,10,4.8,2379,5003.29,2,1
2,7,4.5,2379,5003.29,2,0
3,5,4.2,2379,5003.29,2,0
4,12,4.9,2379,5003.29,2,0
5,8,4.6,2379,5003.29,2,0
1,10,4.8,216,742.5,3,1
2,7,4.5,216,742.5,3,0
3,5,4.2,216,742.5,3,0
4,12,4.9,216,742.5,3,1
5,8,4.6,216,742.5,3,0
1,10,4.8,251,503.75,1,0
2,7,4.5,251,503.75,1,0
3,5,4.2,251,503.75,1,0
4,12,4.9,251,503.75,1,0
5,8,4.6,251,503.75,1,1
1,10,4.8,981,2839.13,2,0
2,7,4.5,981,2839.13,2,0
3,5,4.2,981,2839.13,2,0
4,12,4.9,981,2839.13,2,0
5,8,4.6,981,2839.13,2,0
1,10,4.8,425,1280.95,2,0
2,7,4.5,425,1280.95,2,0
3,5,4.2,425,1280.95,2,0
4,12,4.9,425,1280.95,2,0
5,8,4.6,425,1280.95,2,0
1,10,4.8,2425,6724.18,3,1
2,7,4.5,2425,6724.18,3,0
3,5,4.2,2425,6724.18,3,0
4,12,4.9,2425,6724.18,3,1
5,8,4.6,2425,6724.18,3,0
1,10,4.8,477,959.77,2,0
2,7,4.5,477,959.77,2,0
3,5,4.2,477,959.77,2,0
4,12,4.9,477,959.77,2,1
5,8,4.6,477,959.77,2,0
1,10,4.8,1120,2261.39,3,1
2,7,4.5,1120,2261.39,3,0
3,5,4.2,1120,2261.39,3,0
4,12,4.9,1120,2261.39,3,1
5,8,4.6,1120,2261.39,3,0
1,10,4.8,2337,7912.08,3,1
2,7,4.5,2337,7912.08,3,0
3,5,4.2,2337,7912.08,3,0
4,12,4.9,2337,7912.08,3,1
5,8,4.6,2337,7912.08,3,0
1,10,4.8,2156,5016.68,2,0
2,7,4.5,2156,5016.68,2,0
3,5,4.2,2156,5016.68,2,0
4,12,4.9,2156,5016.68,2,0
5,8,4.6,2156,5016.68,2,0
1,10,4.8,148,275.82,1,0
2,7,4.5,148,275.82,1,0
3,5,4.2,148,275.82,1,0
4,12,4.9,148,275.82,1,0
5,8,4.6,148,275.82,1,0
1,10,4.8,1102,1875.53,1,0
2,7,4.5,1102,1875.53,1,0
3,5,4.2,1102,1875.53,1,0
4,12,4.9,1102,1875.53,1,0
5,8,4.6,1102,1875.53,1,1
1,10,4.8,1175,3875.69,3,1
2,7,4.5,1175,3875.69,3,0
3,5,4.2,1175,3875.69,3,0
4,12,4.9,1175,3875.69,3,1
5,8,4.6,1175,3875.69,3,0
1,10,4.8,1435,3759.04,2,0
2,7,4.5,1435,3759.04,2,0
3,5,4.2,1435,3759.04,2,0
4,12,4.9,1435,3759.04,2,0
5,8,4.6,1435,3759.04,2,0
1,10,4.8,1255,3085.17,1,1
2,7,4.5,1255,3085.17,1,0
3,5,4.2,1255,3085.17,1,0
4,12,4.9,1255,3085.17,1,0
5,8,4.6,1255,3085.17,1,0
1,10,4.8,1651,5144.56,3,1
2,7,4.5,1651,5144.56,3,0
3,5,4.2,1651,5144.56,3,0
4,12,4.9,1651,5144.56,3,1
5,8,4.6,1651,5144.56,3,1
1,10,4.8,207,547.66,2,0
2,7,4.5,207,547.66,2,0
3,5,4.2,207,547.66,2,0
4,12,4.9,207,547.66,2,0
5,8,4.6,207,547.66,2,1
1,10,4.8,543,1611.65,1,0
2,7,4.5,543,1611.65,1,0
3,5,4.2,543,1611.65,1,0
4,12,4.9,543,1611.65,1,0
5,8,4.6,543,1611.65,1,1
1,10,4.8,1671,3473.24,3,1
2,7,4.5,1671,3473.24,3,0
3,5,4.2,1671,3473.24,3,0
4,12,4.9,1671,3473.24,3,1
5,8,4.6,1671,3473.24,3,0
1,10,4.8,1013,3394.0,2,0
2,7,4.5,1013,3394.0,2,0
3,5,4.2,1013,3394.0,2,0
4,12,4.9,1013,3394.0,2,0
5,8,4.6,1013,3394.0,2,0
1,10,4.8,485,1325.88,2,0
2,7,4.5,485,1325.88,2,0
3,5,4.2,485,1325.88,2,0
4,12,4.9,485,1325.88,2,0
5,8,4.6,485,1325.88,2,0
1,10,4.8,506,1659.04,2,0
2,7,4.5,506,1659.04,2,0
3,5,4.2,506,1659.04,2,0
4,12,4.9,506,1659.04,2,1
5,8,4.6,506,1659.04,2,0
1,10,4.8,371,1242.4,2,0
2,7,4.5,371,1242.4,2,0
3,5,4.2,371,1242.4,2,0
4,12,4.9,371,1242.4,2,0
5,8,4.6,371,1242.4,2,0
1,10,4.8,1430,4478.74,1,1
2,7,4.5,1430,4478.74,1,0
3,5,4.2,1430,4478.74,1,0
4,12,4.9,1430,4478.74,1,0
5,8,4.6,1430,4478.74,1,0
1,10,4.8,362,1029.68,3,1
2,7,4.5,362,1029.68,3,0
3,5,4.2,362,1029.68,3,0
4,12,4.9,362,1029.68,3,1
5,8,4.6,362,1029.68,3,0
1,10,4.8,770,1603.04,3,1
2,7,4.5,770,1603.04,3,0
3,5,4.2,770,1603.04,3,0
4,12,4.9,770,1603.04,3,1
5,8,4.6,770,1603.04,3,0
1,10,4.8,1616,4210.43,1,0
2,7,4.5,1616,4210.43,1,0
3,5,4.2,1616,4210.43,1,0
4,12,4.9,1616,4210.43,1,0
5,8,4.6,1616,4210.43,1,1
1,10,4.8,1904,5396.0,2,0
2,7,4.5,1904,5396.0,2,0
3,5,4.2,1904,5396.0,2,0
4,12,4.9,1904,5396.0,2,0
5,8,4.6,1904,5396.0,2,0
1,10,4.8,2470,4940.14,2,0
2,7,4.5,2470,4940.14,2,0
3,5,4.2,2470,4940.14,2,0
4,12,4.9,2470,4940.14,2,0
5,8,4.6,2470,4940.14,2,0
1,10,4.8,400,645.68,2,0
2,7,4.5,400,645.68,2,0
3,5,4.2,400,645.68,2,0
4,12,4.9,400,645.68,2,0
5,8,4.6,400,645.68,2,0
1,10,4.8,1304,3880.67,2,0
2,7,4.5,1304,3880.67,2,0
3,5,4.2,1304,3880.67,2,0
4,12,4.9,1304,3880.67,2,0
5,8,4.6,1304,3880.67,2,1
1,10,4.8,1497,2357.2,1,0
2,7,4.5,1497,2357.2,1,0
3,5,4.2,1497,2357.2,1,0
4,12,4.9,1497,2357.2,1,1
5,8,4.6,1497,2357.2,1,0
1,10,4.8,1931,3452.88,1,0
2,7,4.5,1931,3452.88,1,0
3,5,4.2,1931,3452.88,1,0
4,12,4.9,1931,3452.88,1,0
5,8,4.6,1931,3452.88,1,0
1,10,4.8,2419,5433.3,2,0
2,7,4.5,2419,5433.3,2,0
3,5,4.2,2419,5433.3,2,0
4,12,4.9,2419,5433.3,2,0
5,8,4.6,2419,5433.3,2,0
1,10,4.8,2371,6788.2,3,1
2,7,4.5,2371,6788.2,3,0
3,5,4.2,2371,6788.2,3,0
4,12,4.9,2371,6788.2,3,1
5,8,4.6,2371,6788.2,3,1
1,10,4.8,558,1718.42,2,0
2,7,4.5,558,1718.42,2,0
3,5,4.2,558,1718.42,2,0
4,12,4.9,558,1718.42,2,0
5,8,4.6,558,1718.42,2,0
1,10,4.8,1052,2420.75,2,0
2,7,4.5,1052,2420.75,2,0
3,5,4.2,1052,2420.75,2,0
4,12,4.9,1052,2420.75,2,0
5,8,4.6,1052,2420.75,2,0
1,10,4.8,1310,2731.73,2,0
2,7,4.5,1310,2731.73,2,0
3,5,4.2,1310,2731.73,2,0
4,12,4.9,1310,2731.73,2,0
5,8,4.6,1310,2731.73,2,1
1,10,4.8,1518,3058.62,3,1
2,7,4.5,1518,3058.62,3,0
3,5,4.2,1518,3058.62,3,0
4,12,4.9,1518,3058.62,3,1
5,8,4.6,1518,3058.62,3,0
1,10,4.8,2222,4538.55,2,0
2,7,4.5,2222,4538.55,2,0
3,5,4.2,2222,4538.55,2,0
4,12,4.9,2222,4538.55,2,0
5,8,4.6,2222,4538.55,2,1
1,10,4.8,2266,7668.94,3,1
2,7,4.5,2266,7668.94,3,0
3,5,4.2,2266,7668.94,3,0
4,12,4.9,2266,7668.94,3,1
5,8,4.6,2266,7668.94,3,0
1,10,4.8,1526,2653.11,3,1
2,7,4.5,1526,2653.11,3,0
3,5,4.2,1526,2653.11,3,0
4,12,4.9,1526,2653.11,3,1
5,8,4.6,1526,2653.11,3,0
1,10,4.8,495,1404.85,1,0
2,7,4.5,495,1404.85,1,0
3,5,4.2,495,1404.85,1,0
4,12,4.9,495,1404.85,1,0
5,8,4.6,495,1404.85,1,0
1,10,4.8,2207,4602.56,1,0
2,7,4.5,2207,4602.56,1,0
3,5,4.2,2207,4602.56,1,0
4,12,4.9,2207,4602.56,1,0
5,8,4.6,2207,4602.56,1,0
1,10,4.8,2365,5284.59,2,0
2,7,4.5,2365,5284.59,2,0
3,5,4.2,2365,5284.59,2,0
4,12,4.9,2365,5284.59,2,0
5,8,4.6,2365,5284.59,2,0
1,10,4.8,1616,4598.82,3,1
2,7,4.5,1616,4598.82,3,0
3,5,4.2,1616,4598.82,3,0
4,12,4.9,1616,4598.82,3,1
5,8,4.6,1616,4598.82,3,1
1,10,4.8,1093,2734.37,1,0
2,7,4.5,1093,2734.37,1,0
3,5,4.2,1093,2734.37,1,0
4,12,4.9,1093,2734.37,1,0
5,8,4.6,1093,2734.37,1,0
1,10,4.8,213,715.34,3,1
2,7,4.5,213,715.34,3,0
3,5,4.2,213,715.34,3,0
4,12,4.9,213,715.34,3,1
5,8,4.6,213,715.34,3,0
1,10,4.8,1891,4717.12,2,0
2,7,4.5,1891,4717.12,2,0
3,5,4.2,1891,4717.12,2,0
4,12,4.9,1891,4717.12,2,1
5,8,4.6,1891,4717.12,2,0
1,10,4.8,578,946.64,3,1
2,7,4.5,578,946.64,3,0
3,5,4.2,578,946.64,3,0
4,12,4.9,578,946.64,3,1
5,8,4.6,578,946.64,3,0
1,10,4.8,2075,3373.21,1,0
2,7,4.5,2075,3373.21,1,0
3,5,4.2,2075,3373.21,1,0
4,12,4.9,2075,3373.21,1,0
5,8,4.6,2075,3373.21,1,0
1,10,4.8,644,1888.81,3,1
2,7,4.5,644,1888.81,3,0
3,5,4.2,644,1888.81,3,0
4,12,4.9,644,1888.81,3,1
5,8,4.6,644,1888.81,3,0
1,10,4.8,386,1269.7,3,1
2,7,4.5,386,1269.7,3,0
3,5,4.2,386,1269.7,3,0
4,12,4.9,386,1269.7,3,1
5,8,4.6,386,1269.7,3,1
1,10,4.8,2446,6401.16,2,0
2,7,4.5,2446,6401.16,2,0
3,5,4.2,2446,6401.16,2,0
4,12,4.9,2446,6401.16,2,0
5,8,4.6,2446,6401.16,2,1
1,10,4.8,1574,2471.36,3,1
2,7,4.5,1574,2471.36,3,0
3,5,4.2,1574,2471.36,3,0
4,12,4.9,1574,2471.36,3,1
5,8,4.6,1574,2471.36,3,0
1,10,4.8,224,642.94,1,0
2,7,4.5,224,642.94,1,0
3,5,4.2,224,642.94,1,0
4,12,4.9,224,642.94,1,0
5,8,4.6,224,642.94,1,0
1,10,4.8,1018,3348.95,3,1
2,7,4.5,1018,3348.95,3,0
3,5,4.2,1018,3348.95,3,0
4,12,4.9,1018,3348.95,3,1
5,8,4.6,1018,3348.95,3,1
1,10,4.8,1960,5524.66,2,0
2,7,4.5,1960,5524.66,2,0
3,5,4.2,1960,5524.66,2,0
4,12,4.9,1960,5524.66,2,0
5,8,4.6,1960,5524.66,2,0
1,10,4.8,1177,2577.25,3,1
2,7,4.5,1177,2577.25,3,0
3,5,4.2,1177,2577.25,3,0
4,12,4.9,1177,2577.25,3,1
5,8,4.6,1177,2577.25,3,1
1,10,4.8,473,1565.54,2,1
2,7,4.5,473,1565.54,2,0
3,5,4.2,473,1565.54,2,0
4,12,4.9,473,1565.54,2,0
5,8,4.6,473,1565.54,2,0
1,10,4.8,1291,2055.52,3,1
2,7,4.5,1291,2055.52,3,0
3,5,4.2,1291,2055.52,3,0
4,12,4.9,1291,2055.52,3,1
5,8,4.6,1291,2055.52,3,0
1,10,4.8,2211,5346.13,1,0
2,7,4.5,2211,5346.13,1,0
3,5,4.2,2211,5346.13,1,0
4,12,4.9,2211,5346.13,1,0
5,8,4.6,2211,5346.13,1,0
1,10,4.8,472,1175.02,2,0
2,7,4.5,472,1175.02,2,0
3,5,4.2,472,1175.02,2,0
4,12,4.9,472,1175.02,2,1
5,8,4.6,472,1175.02,2,0
1,10,4.8,2069,3775.6,3,1
2,7,4.5,2069,3775.6,3,0
3,5,4.2,2069,3775.6,3,0
4,12,4.9,2069,3775.6,3,1
5,8,4.6,2069,3775.6,3,1
1,10,4.8,1415,3604.55,2,0
2,7,4.5,1415,3604.55,2,0
3,5,4.2,1415,3604.55,2,0
4,12,4.9,1415,3604.55,2,0
5,8,4.6,1415,3604.55,2,0
1,10,4.8,1583,4894.5,3,1
2,7,4.5,1583,4894.5,3,0
3,5,4.2,1583,4894.5,3,0
4,12,4.9,1583,4894.5,3,1
5,8,4.6,1583,4894.5,3,0
1,10,4.8,2387,6303.03,2,0
2,7,4.5,2387,6303.03,2,0
3,5,4.2,2387,6303.03,2,0
4,12,4.9,2387,6303.03,2,0
5,8,4.6,2387,6303.03,2,1
1,10,4.8,1277,4072.47,3,1
2,7,4.5,1277,4072.47,3,0
3,5,4.2,1277,4072.47,3,0
4,12,4.9,1277,4072.47,3,1
5,8,4.6,1277,4072.47,3,0
1,10,4.8,1779,5443.54,1,0
2,7,4.5,1779,5443.54,1,0
3,5,4.2,1779,5443.54,1,0
4,12,4.9,1779,5443.54,1,0
5,8,4.6,1779,5443.54,1,0
1,10,4.8,2416,5260.29,2,0
2,7,4.5,2416,5260.29,2,0
3,5,4.2,2416,5260.29,2,0
4,12,4.9,2416,5260.29,2,1
5,8,4.6,2416,5260.29,2,0
1,10,4.8,410,959.7,1,0
2,7,4.5,410,959.7,1,0
3,5,4.2,410,959.7,1,0
4,12,4.9,410,959.7,1,0
5,8,4.6,410,959.7,1,0
1,10,4.8,211,388.15,2,0
2,7,4.5,211,388.15,2,0
3,5,4.2,211,388.15,2,0
4,12,4.9,211,388.15,2,1
5,8,4.6,211,388.15,2,0
1,10,4.8,530,1535.7,3,1
2,7,4.5,530,1535.7,3,0
3,5,4.2,530,1535.7,3,0
4,12,4.9,530,1535.7,3,1
5,8,4.6,530,1535.7,3,0
1,10,4.8,677,1133.01,2,0
2,7,4.5,677,1133.01,2,0
3,5,4.2,677,1133.01,2,0
4,12,4.9,677,1133.01,2,1
5,8,4.6,677,1133.01,2,0
1,10,4.8,1890,5064.55,2,0
2,7,4.5,1890,5064.55,2,0
3,5,4.2,1890,5064.55,2,0
4,12,4.9,1890,5064.55,2,1
5,8,4.6,1890,5064.55,2,0
1,10,4.8,2333,6455.36,3,1
2,7,4.5,2333,6455.36,3,0
3,5,4.2,2333,6455.36,3,0
4,12,4.9,2333,6455.36,3,1
5,8,4.6,2333,6455.36,3,0
1,10,4.8,2044,3789.4,2,0
2,7,4.5,2044,3789.4,2,0
3,5,4.2,2044,3789.4,2,0
4,12,4.9,2044,3789.4,2,0
5,8,4.6,2044,3789.4,2,0
1,10,4.8,1619,3762.21,1,1
2,7,4.5,1619,3762.21,1,0
3,5,4.2,1619,3762.21,1,0
4,12,4.9,1619,3762.21,1,0
5,8,4.6,1619,3762.21,1,0
1,10,4.8,1348,3798.69,1,0
2,7,4.5,1348,3798.69,1,0
3,5,4.2,1348,3798.69,1,0
4,12,4.9,1348,3798.69,1,0
5,8,4.6,1348,3798.69,1,1
1,10,4.8,1956,4992.75,2,0
2,7,4.5,1956,4992.75,2,0
3,5,4.2,1956,4992.75,2,0
4,12,4.9,1956,4992.75,2,0
5,8,4.6,1956,4992.75,2,0
1,10,4.8,523,1363.03,3,1
2,7,4.5,523,1363.03,3,0
3,5,4.2,523,1363.03,3,0
4,12,4.9,523,1363.03,3,1
5,8,4.6,523,1363.03,3,0
1,10,4.8,614,1669.39,1,1
2,7,4.5,614,1669.39,1,0
3,5,4.2,614,1669.39,1,0
4,12,4.9,614,1669.39,1,0
5,8,4.6,614,1669.39,1,0
1,10,4.8,1906,4722.93,3,1
2,7,4.5,1906,4722.93,3,0
3,5,4.2,1906,4722.93,3,0
4,12,4.9,1906,4722.93,3,1
5,8,4.6,1906,4722.93,3,0
1,10,4.8,2095,5152.66,3,1
2,7,4.5,2095,5152.66,3,0
3,5,4.2,2095,5152.66,3,0
4,12,4.9,2095,5152.66,3,1
5,8,4.6,2095,5152.66,3,0
1,10,4.8,1338,2545.19,3,1
2,7,4.5,1338,2545.19,3,0
3,5,4.2,1338,2545.19,3,0
4,12,4.9,1338,2545.19,3,1
5,8,4.6,1338,2545.19,3,0
1,10,4.8,1200,3120.26,1,0
2,7,4.5,1200,3120.26,1,0
3,5,4.2,1200,3120.26,1,0
4,12,4.9,1200,3120.26,1,1
5,8,4.6,1200,3120.26,1,0
1,10,4.8,1686,4247.69,1,0
2,7,4.5,1686,4247.69,1,0
3,5,4.2,1686,4247.69,1,0
4,12,4.9,1686,4247.69,1,0
5,8,4.6,1686,4247.69,1,1
1,10,4.8,2449,5062.98,2,0
2,7,4.5,2449,5062.98,2,0
3,5,4.2,2449,5062.98,2,0
4,12,4.9,2449,5062.98,2,0
5,8,4.6,2449,5062.98,2,1
1,10,4.8,1087,1841.36,3,1
2,7,4.5,1087,1841.36,3,0
3,5,4.2,1087,1841.36,3,0
4,12,4.9,1087,1841.36,3,1
5,8,4.6,1087,1841.36,3,0
1,10,4.8,198,311.0,1,0
2,7,4.5,198,311.0,1,0
3,5,4.2,198,311.0,1,0
4,12,4.9,198,311.0,1,0
5,8,4.6,198,311.0,1,0
1,10,4.8,493,1583.0,2,0
2,7,4.5,493,1583.0,2,0
3,5,4.2,493,1583.0,2,0
4,12,4.9,493,1583.0,2,1
5,8,4.6,493,1583.0,2,0
1,10,4.8,2053,5536.75,2,0
2,7,4.5,2053,5536.75,2,0
3,5,4.2,2053,5536.75,2,0
4,12,4.9,2053,5536.75,2,0
5,8,4.6,2053,5536.75,2,0
1,10,4.8,2363,5562.21,1,0
2,7,4.5,2363,5562.21,1,0
3,5,4.2,2363,5562.21,1,0
4,12,4.9,2363,5562.21,1,1
5,8,4.6,2363,5562.21,1,0
1,10,4.8,409,1303.24,3,1
2,7,4.5,409,1303.24,3,0
3,5,4.2,409,1303.24,3,0
4,12,4.9,409,1303.24,3,1
5,8,4.6,409,1303.24,3,0
1,10,4.8,1869,2890.64,2,0
2,7,4.5,1869,2890.64,2,0
3,5,4.2,1869,2890.64,2,0
4,12,4.9,1869,2890.64,2,0
5,8,4.6,1869,2890.64,2,1
1,10,4.8,1667,4963.73,3,1
2,7,4.5,1667,4963.73,3,0
3,5,4.2,1667,4963.73,3,0
4,12,4.9,1667,4963.73,3,1
5,8,4.6,1667,4963.73,3,0
1,10,4.8,1641,5016.39,2,0
2,7,4.5,1641,5016.39,2,0
3,5,4.2,1641,5016.39,2,0
4,12,4.9,1641,5016.39,2,0
5,8,4.6,1641,5016.39,2,0
1,10,4.8,531,938.45,3,1
2,7,4.5,531,938.45,3,0
3,5,4.2,531,938.45,3,0
4,12,4.9,531,938.45,3,1
5,8,4.6,531,938.45,3,0
1,10,4.8,1932,5481.29,3,1
2,7,4.5,1932,5481.29,3,0
3,5,4.2,1932,5481.29,3,0
4,12,4.9,1932,5481.29,3,1
5,8,4.6,1932,5481.29,3,0
1,10,4.8,1344,2250.09,2,0
2,7,4.5,1344,2250.09,2,0
3,5,4.2,1344,2250.09,2,0
4,12,4.9,1344,2250.09,2,0
5,8,4.6,1344,2250.09,2,0
1,10,4.8,2144,6929.67,3,1
2,7,4.5,2144,6929.67,3,0
3,5,4.2,2144,6929.67,3,0
4,12,4.9,2144,6929.67,3,1
5,8,4.6,2144,6929.67,3,0
1,10,4.8,670,1087.13,2,0
2,7,4.5,670,1087.13,2,0
3,5,4.2,670,1087.13,2,0
4,12,4.9,670,1087.13,2,0
5,8,4.6,670,1087.13,2,0
1,10,4.8,696,2243.09,1,0
2,7,4.5,696,2243.09,1,0
3,5,4.2,696,2243.09,1,0
4,12,4.9,696,2243.09,1,0
5,8,4.6,696,2243.09,1,1
1,10,4.8,1596,3340.62,1,0
2,7,4.5,1596,3340.62,1,0
3,5,4.2,1596,3340.62,1,0
4,12,4.9,1596,3340.62,1,0
5,8,4.6,1596,3340.62,1,0
1,10,4.8,1358,4657.31,2,0
2,7,4.5,1358,4657.31,2,0
3,5,4.2,1358,4657.31,2,0
4,12,4.9,1358,4657.31,2,1
5,8,4.6,1358,4657.31,2,0
1,10,4.8,337,610.38,3,1
2,7,4.5,337,610.38,3,0
3,5,4.2,337,610.38,3,0
4,12,4.9,337,610.38,3,1
5,8,4.6,337,610.38,3,0
1,10,4.8,247,771.35,3,1
2,7,4.5,247,771.35,3,0
3,5,4.2,247,771.35,3,0
4,12,4.9,247,771.35,3,1
5,8,4.6,247,771.35,3,1
1,10,4.8,2287,6225.34,3,1
2,7,4.5,2287,6225.34,3,0
3,5,4.2,2287,6225.34,3,0
4,12,4.9,2287,6225.34,3,1
5,8,4.6,2287,6225.34,3,1
1,10,4.8,1056,2724.96,3,1
2,7,4.5,1056,2724.96,3,0
3,5,4.2,1056,2724.96,3,0
4,12,4.9,1056,2724.96,3,1
5,8,4.6,1056,2724.96,3,0
1,10,4.8,1247,2311.55,1,0
2,7,4.5,1247,2311.55,1,0
3,5,4.2,1247,2311.55,1,0
4,12,4.9,1247,2311.55,1,0
5,8,4.6,1247,2311.55,1,0
1,10,4.8,2381,3615.71,2,0
2,7,4.5,2381,3615.71,2,0
3,5,4.2,2381,3615.71,2,0
4,12,4.9,2381,3615.71,2,0
5,8,4.6,2381,3615.71,2,1
1,10,4.8,838,2820.84,2,1
2,7,4.5,838,2820.84,2,0
3,5,4.2,838,2820.84,2,0
4,12,4.9,838,2820.84,2,0
5,8,4.6,838,2820.84,2,0
1,10,4.8,1291,4474.28,2,0
2,7,4.5,1291,4474.28,2,0
3,5,4.2,1291,4474.28,2,0
4,12,4.9,1291,4474.28,2,0
5,8,4.6,1291,4474.28,2,0
1,10,4.8,2433,8176.19,3,1
2,7,4.5,2433,8176.19,3,0
3,5,4.2,2433,8176.19,3,0
4,12,4.9,2433,8176.19,3,1
5,8,4.6,2433,8176.19,3,0
1,10,4.8,663,1019.14,2,0
2,7,4.5,663,1019.14,2,0
3,5,4.2,663,1019.14,2,0
4,12,4.9,663,1019.14,2,1
5,8,4.6,663,1019.14,2,0
1,10,4.8,2347,6825.78,3,1
2,7,4.5,2347,6825.78,3,0
3,5,4.2,2347,6825.78,3,0
4,12,4.9,2347,6825.78,3,1
5,8,4.6,2347,6825.78,3,0
1,10,4.8,2495,5858.85,3,1
2,7,4.5,2495,5858.85,3,0
3,5,4.2,2495,5858.85,3,0
4,12,4.9,2495,5858.85,3,1
5,8,4.6,2495,5858.85,3,0
1,10,4.8,823,1958.81,2,0
2,7,4.5,823,1958.81,2,0
3,5,4.2,823,1958.81,2,0
4,12,4.9,823,1958.81,2,0
5,8,4.6,823,1958.81,2,0
1,10,4.8,869,2100.16,2,0
2,7,4.5,869,2100.16,2,0
3,5,4.2,869,2100.16,2,0
4,12,4.9,869,2100.16,2,0
5,8,4.6,869,2100.16,2,0
1,10,4.8,799,1653.41,2,0
2,7,4.5,799,1653.41,2,0
3,5,4.2,799,1653.41,2,0
4,12,4.9,799,1653.41,2,1
5,8,4.6,799,1653.41,2,0
1,10,4.8,2457,7380.19,2,0
2,7,4.5,2457,7380.19,2,0
3,5,4.2,2457,7380.19,2,0
4,12,4.9,2457,7380.19,2,0
5,8,4.6,2457,7380.19,2,0
1,10,4.8,1348,3269.41,3,1
2,7,4.5,1348,3269.41,3,0
3,5,4.2,1348,3269.41,3,0
4,12,4.9,1348,3269.41,3,1
5,8,4.6,1348,3269.41,3,0
1,10,4.8,726,1808.98,3,1
2,7,4.5,726,1808.98,3,0
3,5,4.2,726,1808.98,3,0
4,12,4.9,726,1808.98,3,1
5,8,4.6,726,1808.98,3,0
1,10,4.8,1142,1821.11,2,0
2,7,4.5,1142,1821.11,2,0
3,5,4.2,1142,1821.11,2,0
4,12,4.9,1142,1821.11,2,0
5,8,4.6,1142,1821.11,2,0
1,10,4.8,1229,3197.66,3,1
2,7,4.5,1229,3197.66,3,0
3,5,4.2,1229,3197.66,3,0
4,12,4.9,1229,3197.66,3,1
5,8,4.6,1229,3197.66,3,0
1,10,4.8,2001,6284.63,3,1
2,7,4.5,2001,6284.63,3,0
3,5,4.2,2001,6284.63,3,0
4,12,4.9,2001,6284.63,3,1
5,8,4.6,2001,6284.63,3,1
1,10,4.8,1321,2211.06,1,0
2,7,4.5,1321,2211.06,1,0
3,5,4.2,1321,2211.06,1,0
4,12,4.9,1321,2211.06,1,0
5,8,4.6,1321,2211.06,1,0
1,10,4.8,1775,2849.85,3,1
2,7,4.5,1775,2849.85,3,0
3,5,4.2,1775,2849.85,3,0
4,12,4.9,1775,2849.85,3,1
5,8,4.6,1775,2849.85,3,0
1,10,4.8,1268,4245.38,1,0
2,7,4.5,1268,4245.38,1,0
3,5,4.2,1268,4245.38,1,0
4,12,4.9,1268,4245.38,1,0
5,8,4.6,1268,4245.38,1,0
1,10,4.8,802,2347.81,3,1
2,7,4.5,802,2347.81,3,0
3,5,4.2,802,2347.81,3,0
4,12,4.9,802,2347.81,3,1
5,8,4.6,802,2347.81,3,0
1,10,4.8,549,997.45,2,1
2,7,4.5,549,997.45,2,0
3,5,4.2,549,997.45,2,0
4,12,4.9,549,997.45,2,0
5,8,4.6,549,997.45,2,0
1,10,4.8,1442,4541.41,1,1
2,7,4.5,1442,4541.41,1,0
3,5,4.2,1442,4541.41,1,0
4,12,4.9,1442,4541.41,1,0
5,8,4.6,1442,4541.41,1,0
1,10,4.8,2210,5378.9,1,0
2,7,4.5,2210,5378.9,1,0
3,5,4.2,2210,5378.9,1,0
4,12,4.9,2210,5378.9,1,0
5,8,4.6,2210,5378.9,1,1
1,10,4.8,2381,4962.04,3,1
2,7,4.5,2381,4962.04,3,0
3,5,4.2,2381,4962.04,3,0
4,12,4.9,2381,4962.04,3,1
5,8,4.6,2381,4962.04,3,0
1,10,4.8,1088,3716.15,2,0
2,7,4.5,1088,3716.15,2,0
3,5,4.2,1088,3716.15,2,0
4,12,4.9,1088,3716.15,2,0
5,8,4.6,1088,3716.15,2,0
1,10,4.8,1927,6631.78,2,0
2,7,4.5,1927,6631.78,2,0
3,5,4.2,1927,6631.78,2,0
4,12,4.9,1927,6631.78,2,1
5,8,4.6,1927,6631.78,2,0
1,10,4.8,2456,3749.71,1,0
2,7,4.5,2456,3749.71,1,0
3,5,4.2,2456,3749.71,1,0
4,12,4.9,2456,3749.71,1,0
5,8,4.6,2456,3749.71,1,0
1,10,4.8,2275,6633.97,1,0
2,7,4.5,2275,6633.97,1,0
3,5,4.2,2275,6633.97,1,0
4,12,4.9,2275,6633.97,1,0
5,8,4.6,2275,6633.97,1,0
1,10,4.8,2044,5590.74,3,1
2,7,4.5,2044,5590.74,3,0
3,5,4.2,2044,5590.74,3,0
4,12,4.9,2044,5590.74,3,1
5,8,4.6,2044,5590.74,3,0
1,10,4.8,2449,7797.31,3,1
2,7,4.5,2449,7797.31,3,0
3,5,4.2,2449,7797.31,3,0
4,12,4.9,2449,7797.31,3,1
5,8,4.6,2449,7797.31,3,0
1,10,4.8,1242,3122.5,3,1
2,7,4.5,1242,3122.5,3,0
3,5,4.2,1242,3122.5,3,0
4,12,4.9,1242,3122.5,3,1
5,8,4.6,1242,3122.5,3,1
1,10,4.8,199,497.02,1,1
2,7,4.5,199,497.02,1,0
3,5,4.2,199,497.02,1,0
4,12,4.9,199,497.02,1,0
5,8,4.6,199,497.02,1,0
1,10,4.8,433,1107.19,3,1
2,7,4.5,433,1107.19,3,0
3,5,4.2,433,1107.19,3,0
4,12,4.9,433,1107.19,3,1
5,8,4.6,433,1107.19,3,0
1,10,4.8,1762,5691.43,3,1
2,7,4.5,1762,5691.43,3,0
3,5,4.2,1762,5691.43,3,0
4,12,4.9,1762,5691.43,3,1
5,8,4.6,1762,5691.43,3,0
1,10,4.8,287,755.89,1,0
2,7,4.5,287,755.89,1,0
3,5,4.2,287,755.89,1,0
4,12,4.9,287,755.89,1,0
5,8,4.6,287,755.89,1,1
1,10,4.8,373,882.28,3,1
2,7,4.5,373,882.28,3,0
3,5,4.2,373,882.28,3,0
4,12,4.9,373,882.28,3,1
5,8,4.6,373,882.28,3,0
1,10,4.8,2197,7062.02,2,0
2,7,4.5,2197,7062.02,2,0
3,5,4.2,2197,7062.02,2,0
4,12,4.9,2197,7062.02,2,0
5,8,4.6,2197,7062.02,2,1
1,10,4.8,1148,2962.56,3,1
2,7,4.5,1148,2962.56,3,0
3,5,4.2,1148,2962.56,3,0
4,12,4.9,1148,2962.56,3,1
5,8,4.6,1148,2962.56,3,0
1,10,4.8,2273,7210.15,2,0
2,7,4.5,2273,7210.15,2,0
3,5,4.2,2273,7210.15,2,0
4,12,4.9,2273,7210.15,2,0
5,8,4.6,2273,7210.15,2,1
1,10,4.8,539,1824.67,1,1
2,7,4.5,539,1824.67,1,0
3,5,4.2,539,1824.67,1,0
4,12,4.9,539,1824.67,1,0
5,8,4.6,539,1824.67,1,0
1,10,4.8,409,734.91,2,0
2,7,4.5,409,734.91,2,0
3,5,4.2,409,734.91,2,0
4,12,4.9,409,734.91,2,0
5,8,4.6,409,734.91,2,0
1,10,4.8,2309,7730.04,2,0
2,7,4.5,2309,7730.04,2,0
3,5,4.2,2309,7730.04,2,0
4,12,4.9,2309,7730.04,2,0
5,8,4.6,2309,7730.04,2,0
1,10,4.8,1887,3634.32,1,0
2,7,4.5,1887,3634.32,1,0
3,5,4.2,1887,3634.32,1,0
4,12,4.9,1887,3634.32,1,0
5,8,4.6,1887,3634.32,1,0
1,10,4.8,593,2040.2,3,1
2,7,4.5,593,2040.2,3,0
3,5,4.2,593,2040.2,3,0
4,12,4.9,593,2040.2,3,1
5,8,4.6,593,2040.2,3,1
1,10,4.8,729,1778.38,1,0
2,7,4.5,729,1778.38,1,0
3,5,4.2,729,1778.38,1,0
4,12,4.9,729,1778.38,1,0
5,8,4.6,729,1778.38,1,0
1,10,4.8,2383,3866.26,3,1
2,7,4.5,2383,3866.26,3,0
3,5,4.2,2383,3866.26,3,0
4,12,4.9,2383,3866.26,3,1
5,8,4.6,2383,3866.26,3,0
1,10,4.8,112,364.15,1,0
2,7,4.5,112,364.15,1,0
3,5,4.2,112,364.15,1,0
4,12,4.9,112,364.15,1,0
5,8,4.6,112,364.15,1,0
1,10,4.8,2129,3511.74,2,0
2,7,4.5,2129,3511.74,2,0
3,5,4.2,2129,3511.74,2,0
4,12,4.9,2129,3511.74,2,0
5,8,4.6,2129,3511.74,2,1
1,10,4.8,1217,2998.99,1,0
2,7,4.5,1217,2998.99,1,0
3,5,4.2,1217,2998.99,1,0
4,12,4.9,1217,2998.99,1,0
5,8,4.6,1217,2998.99,1,0
1,10,4.8,1639,2618.71,2,0
2,7,4.5,1639,2618.71,2,0
3,5,4.2,1639,2618.71,2,0
4,12,4.9,1639,2618.71,2,0
5,8,4.6,1639,2618.71,2,1
1,10,4.8,1679,4705.68,1,0
2,7,4.5,1679,4705.68,1,0
3,5,4.2,1679,4705.68,1,0
4,12,4.9,1679,4705.68,1,1
5,8,4.6,1679,4705.68,1,0
1,10,4.8,1356,4365.14,1,0
2,7,4.5,1356,4365.14,1,0
3,5,4.2,1356,4365.14,1,0
4,12,4.9,1356,4365.14,1,0
5,8,4.6,1356,4365.14,1,0
1,10,4.8,1757,2973.22,1,0
2,7,4.5,1757,2973.22,1,0
3,5,4.2,1757,2973.22,1,0
4,12,4.9,1757,2973.22,1,0
5,8,4.6,1757,2973.22,1,0
1,10,4.8,1366,2673.95,2,0
2,7,4.5,1366,2673.95,2,0
3,5,4.2,1366,2673.95,2,0
4,12,4.9,1366,2673.95,2,0
5,8,4.6,1366,2673.95,2,1
1,10,4.8,354,846.82,2,0
2,7,4.5,354,846.82,2,0
3,5,4.2,354,846.82,2,0
4,12,4.9,354,846.82,2,1
5,8,4.6,354,846.82,2,0
1,10,4.8,1846,5490.78,2,0
2,7,4.5,1846,5490.78,2,0
3,5,4.2,1846,5490.78,2,0
4,12,4.9,1846,5490.78,2,1
5,8,4.6,1846,5490.78,2,0
1,10,4.8,2242,4880.03,1,0
2,7,4.5,2242,4880.03,1,0
3,5,4.2,2242,4880.03,1,0
4,12,4.9,2242,4880.03,1,1
5,8,4.6,2242,4880.03,1,0
1,10,4.8,1172,4085.77,2,0
2,7,4.5,1172,4085.77,2,0
3,5,4.2,1172,4085.77,2,0
4,12,4.9,1172,4085.77,2,1
5,8,4.6,1172,4085.77,2,0
1,10,4.8,395,815.57,3,1
2,7,4.5,395,815.57,3,0
3,5,4.2,395,815.57,3,0
4,12,4.9,395,815.57,3,1
5,8,4.6,395,815.57,3,0
1,10,4.8,1761,3901.0,1,0
2,7,4.5,1761,3901.0,1,0
3,5,4.2,1761,3901.0,1,0
4,12,4.9,1761,3901.0,1,0
5,8,4.6,1761,3901.0,1,0
1,10,4.8,908,3060.22,2,0
2,7,4.5,908,3060.22,2,0
3,5,4.2,908,3060.22,2,0
4,12,4.9,908,3060.22,2,0
5,8,4.6,908,3060.22,2,0
1,10,4.8,1737,4343.32,1,0
2,7,4.5,1737,4343.32,1,0
3,5,4.2,1737,4343.32,1,0
4,12,4.9,1737,4343.32,1,0
5,8,4.6,1737,4343.32,1,0
1,10,4.8,221,460.25,1,0
2,7,4.5,221,460.25,1,0
3,5,4.2,221,460.25,1,0
4,12,4.9,221,460.25,1,0
5,8,4.6,221,460.25,1,1
1,10,4.8,257,420.49,2,0
2,7,4.5,257,420.49,2,0
3,5,4.2,257,420.49,2,0
4,12,4.9,257,420.49,2,0
5,8,4.6,257,420.49,2,1
1,10,4.8,401,1000.41,2,0
2,7,4.5,401,1000.41,2,0
3,5,4.2,401,1000.41,2,0
4,12,4.9,401,1000.41,2,0
5,8,4.6,401,1000.41,2,1
1,10,4.8,2333,7329.82,3,1
2,7,4.5,2333,7329.82,3,0
3,5,4.2,2333,7329.82,3,0
4,12,4.9,2333,7329.82,3,1
5,8,4.6,2333,7329.82,3,0
1,10,4.8,1843,4835.4,2,0
2,7,4.5,1843,4835.4,2,0
3,5,4.2,1843,4835.4,2,0
4,12,4.9,1843,4835.4,2,0
5,8,4.6,1843,4835.4,2,0
1,10,4.8,679,1223.87,2,1
2,7,4.5,679,1223.87,2,0
3,5,4.2,679,1223.87,2,0
4,12,4.9,679,1223.87,2,0
5,8,4.6,679,1223.87,2,0
1,10,4.8,2020,5381.63,1,0
2,7,4.5,2020,5381.63,1,0
3,5,4.2,2020,5381.63,1,0
4,12,4.9,2020,5381.63,1,0
5,8,4.6,2020,5381.63,1,1
1,10,4.8,749,1334.56,2,0
2,7,4.5,749,1334.56,2,0
3,5,4.2,749,1334.56,2,0
4,12,4.9,749,1334.56,2,1
5,8,4.6,749,1334.56,2,0
1,10,4.8,386,1062.37,2,1
2,7,4.5,386,1062.37,2,0
3,5,4.2,386,1062.37,2,0
4,12,4.9,386,1062.37,2,0
5,8,4.6,386,1062.37,2,0
1,10,4.8,1874,6021.25,3,1
2,7,4.5,1874,6021.25,3,0
3,5,4.2,1874,6021.25,3,0
4,12,4.9,1874,6021.25,3,1
5,8,4.6,1874,6021.25,3,0
1,10,4.8,1627,2469.88,1,0
2,7,4.5,1627,2469.88,1,0
3,5,4.2,1627,2469.88,1,0
4,12,4.9,1627,2469.88,1,0
5,8,4.6,1627,2469.88,1,1
1,10,4.8,2035,4867.63,3,1
2,7,4.5,2035,4867.63,3,0
3,5,4.2,2035,4867.63,3,0
4,12,4.9,2035,4867.63,3,1
5,8,4.6,2035,4867.63,3,0
1,10,4.8,554,1932.81,1,0
2,7,4.5,554,1932.81,1,0
3,5,4.2,554,1932.81,1,0
4,12,4.9,554,1932.81,1,0
5,8,4.6,554,1932.81,1,0
1,10,4.8,1459,3941.08,3,1
2,7,4.5,1459,3941.08,3,0
3,5,4.2,1459,3941.08,3,0
4,12,4.9,1459,3941.08,3,1
5,8,4.6,1459,3941.08,3,0
1,10,4.8,784,1931.08,1,0
2,7,4.5,784,1931.08,1,0
3,5,4.2,784,1931.08,1,0
4,12,4.9,784,1931.08,1,0
5,8,4.6,784,1931.08,1,0
1,10,4.8,956,1786.77,1,1
2,7,4.5,956,1786.77,1,0
3,5,4.2,956,1786.77,1,0
4,12,4.9,956,1786.77,1,0
5,8,4.6,956,1786.77,1,0
1,10,4.8,1337,3092.83,3,1
2,7,4.5,1337,3092.83,3,0
3,5,4.2,1337,3092.83,3,0
4,12,4.9,1337,3092.83,3,1
5,8,4.6,1337,3092.83,3,0
1,10,4.8,2301,5585.89,1,0
2,7,4.5,2301,5585.89,1,0
3,5,4.2,2301,5585.89,1,0
4,12,4.9,2301,5585.89,1,0
5,8,4.6,2301,5585.89,1,0
1,10,4.8,702,2093.9,3,1
2,7,4.5,702,2093.9,3,0
3,5,4.2,702,2093.9,3,0
4,12,4.9,702,2093.9,3,1
5,8,4.6,702,2093.9,3,0
1,10,4.8,136,438.1,1,1
2,7,4.5,136,438.1,1,0
3,5,4.2,136,438.1,1,0
4,12,4.9,136,438.1,1,0
5,8,4.6,136,438.1,1,0
1,10,4.8,499,1504.67,2,0
2,7,4.5,499,1504.67,2,0
3,5,4.2,499,1504.67,2,0
4,12,4.9,499,1504.67,2,0
5,8,4.6,499,1504.67,2,0
1,10,4.8,1542,4649.67,2,0
2,7,4.5,1542,4649.67,2,0
3,5,4.2,1542,4649.67,2,0
4,12,4.9,1542,4649.67,2,0
5,8,4.6,1542,4649.67,2,0
1,10,4.8,715,1233.98,1,1
2,7,4.5,715,1233.98,1,0
3,5,4.2,715,1233.98,1,0
4,12,4.9,715,1233.98,1,0
5,8,4.6,715,1233.98,1,0
1,10,4.8,822,1705.21,2,0
2,7,4.5,822,1705.21,2,0
3,5,4.2,822,1705.21,2,0
4,12,4.9,822,1705.21,2,1
5,8,4.6,822,1705.21,2,0
1,10,4.8,1067,2080.05,2,0
2,7,4.5,1067,2080.05,2,0
3,5,4.2,1067,2080.05,2,0
4,12,4.9,1067,2080.05,2,0
5,8,4.6,1067,2080.05,2,0
1,10,4.8,1887,2960.83,2,0
2,7,4.5,1887,2960.83,2,0
3,5,4.2,1887,2960.83,2,0
4,12,4.9,1887,2960.83,2,1
5,8,4.6,1887,2960.83,2,0
1,10,4.8,302,491.33,2,0
2,7,4.5,302,491.33,2,0
3,5,4.2,302,491.33,2,0
4,12,4.9,302,491.33,2,0
5,8,4.6,302,491.33,2,0
1,10,4.8,1005,2819.02,2,0
2,7,4.5,1005,2819.02,2,0
3,5,4.2,1005,2819.02,2,0
4,12,4.9,1005,2819.02,2,0
5,8,4.6,1005,2819.02,2,0
1,10,4.8,183,548.66,3,1
2,7,4.5,183,548.66,3,0
3,5,4.2,183,548.66,3,0
4,12,4.9,183,548.66,3,1
5,8,4.6,183,548.66,3,0
1,10,4.8,1159,3657.91,3,1
2,7,4.5,1159,3657.91,3,0
3,5,4.2,1159,3657.91,3,0
4,12,4.9,1159,3657.91,3,1
5,8,4.6,1159,3657.91,3,0
1,10,4.8,2028,3117.84,2,0
2,7,4.5,2028,3117.84,2,0
3,5,4.2,2028,3117.84,2,0
4,12,4.9,2028,3117.84,2,1
5,8,4.6,2028,3117.84,2,0
1,10,4.8,1248,3636.86,1,0
2,7,4.5,1248,3636.86,1,0
3,5,4.2,1248,3636.86,1,0
4,12,4.9,1248,3636.86,1,1
5,8,4.6,1248,3636.86,1,0
1,10,4.8,956,2963.36,2,0
2,7,4.5,956,2963.36,2,0
3,5,4.2,956,2963.36,2,0
4,12,4.9,956,2963.36,2,0
5,8,4.6,956,2963.36,2,0
1,10,4.8,2214,5430.83,3,1
2,7,4.5,2214,5430.83,3,0
3,5,4.2,2214,5430.83,3,0
4,12,4.9,2214,5430.83,3,1
5,8,4.6,2214,5430.83,3,0
1,10,4.8,594,1866.25,3,1
2,7,4.5,594,1866.25,3,0
3,5,4.2,594,1866.25,3,0
4,12,4.9,594,1866.25,3,1
5,8,4.6,594,1866.25,3,0
1,10,4.8,1551,3147.07,2,0
2,7,4.5,1551,3147.07,2,0
3,5,4.2,1551,3147.07,2,0
4,12,4.9,1551,3147.07,2,0
5,8,4.6,1551,3147.07,2,0
1,10,4.8,231,391.79,3,1
2,7,4.5,231,391.79,3,0
3,5,4.2,231,391.79,3,0
4,12,4.9,231,391.79,3,1
5,8,4.6,231,391.79,3,0
1,10,4.8,342,722.64,1,0
2,7,4.5,342,722.64,1,0
3,5,4.2,342,722.64,1,0
4,12,4.9,342,722.64,1,0
5,8,4.6,342,722.64,1,0
1,10,4.8,1896,3981.75,2,1
2,7,4.5,1896,3981.75,2,0
3,5,4.2,1896,3981.75,2,0
4,12,4.9,1896,3981.75,2,0
5,8,4.6,1896,3981.75,2,0
1,10,4.8,1645,5380.06,1,0
2,7,4.5,1645,5380.06,1,0
3,5,4.2,1645,5380.06,1,0
4,12,4.9,1645,5380.06,1,0
5,8,4.6,1645,5380.06,1,1
1,10,4.8,1329,2242.72,1,0
2,7,4.5,1329,2242.72,1,0
3,5,4.2,1329,2242.72,1,0
4,12,4.9,1329,2242.72,1,0
5,8,4.6,1329,2242.72,1,0
1,10,4.8,1810,4257.89,1,1
2,7,4.5,1810,4257.89,1,0
3,5,4.2,1810,4257.89,1,0
4,12,4.9,1810,4257.89,1,0
5,8,4.6,1810,4257.89,1,0
1,10,4.8,1526,4277.78,2,0
2,7,4.5,1526,4277.78,2,0
3,5,4.2,1526,4277.78,2,0
4,12,4.9,1526,4277.78,2,0
5,8,4.6,1526,4277.78,2,1
1,10,4.8,191,359.22,1,0
2,7,4.5,191,359.22,1,0
3,5,4.2,191,359.22,1,0
4,12,4.9,191,359.22,1,0
5,8,4.6,191,359.22,1,0
1,10,4.8,2253,6378.54,3,1
2,7,4.5,2253,6378.54,3,0
3,5,4.2,2253,6378.54,3,0
4,12,4.9,2253,6378.54,3,1
5,8,4.6,2253,6378.54,3,0
1,10,4.8,799,1761.96,2,0
2,7,4.5,799,1761.96,2,0
3,5,4.2,799,1761.96,2,0
4,12,4.9,799,1761.96,2,0
5,8,4.6,799,1761.96,2,0
1,10,4.8,1217,3251.4,2,0
2,7,4.5,1217,3251.4,2,0
3,5,4.2,1217,3251.4,2,0
4,12,4.9,1217,3251.4,2,0
5,8,4.6,1217,3251.4,2,1
1,10,4.8,477,1480.73,3,1
2,7,4.5,477,1480.73,3,0
3,5,4.2,477,1480.73,3,0
4,12,4.9,477,1480.73,3,1
5,8,4.6,477,1480.73,3,0
1,10,4.8,861,2172.97,3,1
2,7,4.5,861,2172.97,3,0
3,5,4.2,861,2172.97,3,0
4,12,4.9,861,2172.97,3,1
5,8,4.6,861,2172.97,3,0
1,10,4.8,1789,3690.01,1,0
2,7,4.5,1789,3690.01,1,0
3,5,4.2,1789,3690.01,1,0
4,12,4.9,1789,3690.01,1,0
5,8,4.6,1789,3690.01,1,0
1,10,4.8,599,1026.33,1,0
2,7,4.5,599,1026.33,1,0
3,5,4.2,599,1026.33,1,0
4,12,4.9,599,1026.33,1,0
5,8,4.6,599,1026.33,1,0
1,10,4.8,1033,2994.83,2,0
2,7,4.5,1033,2994.83,2,0
3,5,4.2,1033,2994.83,2,0
4,12,4.9,1033,2994.83,2,0
5,8,4.6,1033,2994.83,2,1
1,10,4.8,481,797.2,1,0
2,7,4.5,481,797.2,1,0
3,5,4.2,481,797.2,1,0
4,12,4.9,481,797.2,1,0
5,8,4.6,481,797.2,1,1
1,10,4.8,201,587.71,2,0
2,7,4.5,201,587.71,2,0
3,5,4.2,201,587.71,2,0
4,12,4.9,201,587.71,2,0
5,8,4.6,201,587.71,2,0
1,10,4.8,1758,3454.1,3,1
2,7,4.5,1758,3454.1,3,0
3,5,4.2,1758,3454.1,3,0
4,12,4.9,1758,3454.1,3,1
5,8,4.6,1758,3454.1,3,0
1,10,4.8,882,2031.67,1,1
2,7,4.5,882,2031.67,1,0
3,5,4.2,882,2031.67,1,0
4,12,4.9,882,2031.67,1,0
5,8,4.6,882,2031.67,1,0
1,10,4.8,1427,3921.1,1,0
2,7,4.5,1427,3921.1,1,0
3,5,4.2,1427,3921.1,1,0
4,12,4.9,1427,3921.1,1,1
5,8,4.6,1427,3921.1,1,0
1,10,4.8,1276,3910.68,1,1
2,7,4.5,1276,3910.68,1,0
3,5,4.2,1276,3910.68,1,0
4,12,4.9,1276,3910.68,1,0
5,8,4.6,1276,3910.68,1,0
1,10,4.8,457,1473.65,2,1
2,7,4.5,457,1473.65,2,0
3,5,4.2,457,1473.65,2,0
4,12,4.9,457,1473.65,2,0
5,8,4.6,457,1473.65,2,0
1,10,4.8,246,589.2,1,0
2,7,4.5,246,589.2,1,0
3,5,4.2,246,589.2,1,0
4,12,4.9,246,589.2,1,0
5,8,4.6,246,589.2,1,0
1,10,4.8,1568,4894.58,2,0
2,7,4.5,1568,4894.58,2,0
3,5,4.2,1568,4894.58,2,0
4,12,4.9,1568,4894.58,2,1
5,8,4.6,1568,4894.58,2,0
1,10,4.8,2116,5897.37,1,0
2,7,4.5,2116,5897.37,1,0
3,5,4.2,2116,5897.37,1,0
4,12,4.9,2116,5897.37,1,1
5,8,4.6,2116,5897.37,1,0
1,10,4.8,2145,5448.88,2,0
2,7,4.5,2145,5448.88,2,0
3,5,4.2,2145,5448.88,2,0
4,12,4.9,2145,5448.88,2,0
5,8,4.6,2145,5448.88,2,0
1,10,4.8,1075,3683.38,2,0
2,7,4.5,1075,3683.38,2,0
3,5,4.2,1075,3683.38,2,0
4,12,4.9,1075,3683.38,2,0
5,8,4.6,1075,3683.38,2,0
1,10,4.8,1272,3531.11,2,0
2,7,4.5,1272,3531.11,2,0
3,5,4.2,1272,3531.11,2,0
4,12,4.9,1272,3531.11,2,1
5,8,4.6,1272,3531.11,2,0
1,10,4.8,2097,6498.9,1,0
2,7,4.5,2097,6498.9,1,0
3,5,4.2,2097,6498.9,1,0
4,12,4.9,2097,6498.9,1,0
5,8,4.6,2097,6498.9,1,0
1,10,4.8,2437,6351.07,3,1
2,7,4.5,2437,6351.07,3,0
3,5,4.2,2437,6351.07,3,0
4,12,4.9,2437,6351.07,3,1
5,8,4.6,2437,6351.07,3,1
1,10,4.8,765,1616.29,1,0
2,7,4.5,765,1616.29,1,0
3,5,4.2,765,1616.29,1,0
4,12,4.9,765,1616.29,1,0
5,8,4.6,765,1616.29,1,0
1,10,4.8,647,1010.14,2,1
2,7,4.5,647,1010.14,2,0
3,5,4.2,647,1010.14,2,0
4,12,4.9,647,1010.14,2,0
5,8,4.6,647,1010.14,2,0
1,10,4.8,2140,3984.45,1,0
2,7,4.5,2140,3984.45,1,0
3,5,4.2,2140,3984.45,1,0
4,12,4.9,2140,3984.45,1,1
5,8,4.6,2140,3984.45,1,0
1,10,4.8,882,1901.37,3,1
2,7,4.5,882,1901.37,3,0
3,5,4.2,882,1901.37,3,0
4,12,4.9,882,1901.37,3,1
5,8,4.6,882,1901.37,3,0
1,10,4.8,774,2635.89,2,0
2,7,4.5,774,2635.89,2,0
3,5,4.2,774,2635.89,2,0
4,12,4.9,774,2635.89,2,0
5,8,4.6,774,2635.89,2,0
1,10,4.8,1050,3317.4,3,1
2,7,4.5,1050,3317.4,3,0
3,5,4.2,1050,3317.4,3,0
4,12,4.9,1050,3317.4,3,1
5,8,4.6,1050,3317.4,3,0
1,10,4.8,670,2120.29,1,0
2,7,4.5,670,2120.29,1,0
3,5,4.2,670,2120.29,1,0
4,12,4.9,670,2120.29,1,0
5,8,4.6,670,2120.29,1,0
1,10,4.8,187,528.49,1,0
2,7,4.5,187,528.49,1,0
3,5,4.2,187,528.49,1,0
4,12,4.9,187,528.49,1,0
5,8,4.6,187,528.49,1,0
1,10,4.8,2219,5050.52,1,0
2,7,4.5,2219,5050.52,1,0
3,5,4.2,2219,5050.52,1,0
4,12,4.9,2219,5050.52,1,0
5,8,4.6,2219,5050.52,1,0
1,10,4.8,2313,3680.83,3,1
2,7,4.5,2313,3680.83,3,0
3,5,4.2,2313,3680.83,3,0
4,12,4.9,2313,3680.83,3,1
5,8,4.6,2313,3680.83,3,1
1,10,4.8,351,691.73,2,0
2,7,4.5,351,691.73,2,0
3,5,4.2,351,691.73,2,0
4,12,4.9,351,691.73,2,0
5,8,4.6,351,691.73,2,0
1,10,4.8,2099,6862.45,3,1
2,7,4.5,2099,6862.45,3,0
3,5,4.2,2099,6862.45,3,0
4,12,4.9,2099,6862.45,3,1
5,8,4.6,2099,6862.45,3,0
1,10,4.8,932,2681.4,3,1
2,7,4.5,932,2681.4,3,0
3,5,4.2,932,2681.4,3,0
4,12,4.9,932,2681.4,3,1
5,8,4.6,932,2681.4,3,0
1,10,4.8,2031,6745.66,2,0
2,7,4.5,2031,6745.66,2,0
3,5,4.2,2031,6745.66,2,0
4,12,4.9,2031,6745.66,2,0
5,8,4.6,2031,6745.66,2,0
1,10,4.8,1145,3124.83,1,0
2,7,4.5,1145,3124.83,1,0
3,5,4.2,1145,3124.83,1,0
4,12,4.9,1145,3124.83,1,0
5,8,4.6,1145,3124.83,1,1
1,10,4.8,730,1313.92,2,0
2,7,4.5,730,1313.92,2,0
3,5,4.2,730,1313.92,2,0
4,12,4.9,730,1313.92,2,0
5,8,4.6,730,1313.92,2,0
1,10,4.8,1706,4550.0,1,0
2,7,4.5,1706,4550.0,1,0
3,5,4.2,1706,4550.0,1,0
4,12,4.9,1706,4550.0,1,0
5,8,4.6,1706,4550.0,1,0
1,10,4.8,186,376.69,2,0
2,7,4.5,186,376.69,2,0
3,5,4.2,186,376.69,2,0
4,12,4.9,186,376.69,2,0
5,8,4.6,186,376.69,2,1
1,10,4.8,1841,5577.96,2,0
2,7,4.5,1841,5577.96,2,0
3,5,4.2,1841,5577.96,2,0
4,12,4.9,1841,5577.96,2,0
5,8,4.6,1841,5577.96,2,1
1,10,4.8,1058,3245.07,2,1
2,7,4.5,1058,3245.07,2,0
3,5,4.2,1058,3245.07,2,0
4,12,4.9,1058,3245.07,2,0
5,8,4.6,1058,3245.07,2,0
1,10,4.8,1973,4944.73,2,0
2,7,4.5,1973,4944.73,2,0
3,5,4.2,1973,4944.73,2,0
4,12,4.9,1973,4944.73,2,0
5,8,4.6,1973,4944.73,2,0
1,10,4.8,746,1638.85,3,1
2,7,4.5,746,1638.85,3,0
3,5,4.2,746,1638.85,3,0
4,12,4.9,746,1638.85,3,1
5,8,4.6,746,1638.85,3,0
1,10,4.8,1222,3075.76,3,1
2,7,4.5,1222,3075.76,3,0
3,5,4.2,1222,3075.76,3,0
4,12,4.9,1222,3075.76,3,1
5,8,4.6,1222,3075.76,3,0
1,10,4.8,876,2147.92,2,0
2,7,4.5,876,2147.92,2,0
3,5,4.2,876,2147.92,2,0
4,12,4.9,876,2147.92,2,0
5,8,4.6,876,2147.92,2,1
1,10,4.8,317,957.32,3,1
2,7,4.5,317,957.32,3,0
3,5,4.2,317,957.32,3,0
4,12,4.9,317,957.32,3,1
5,8,4.6,317,957.32,3,0
1,10,4.8,673,1346.0,2,0
2,7,4.5,673,1346.0,2,0
3,5,4.2,673,1346.0,2,0
4,12,4.9,673,1346.0,2,0
5,8,4.6,673,1346.0,2,1
1,10,4.8,1599,4422.66,1,1
2,7,4.5,1599,4422.66,1,0
3,5,4.2,1599,4422.66,1,0
4,12,4.9,1599,4422.66,1,0
5,8,4.6,1599,4422.66,1,0
1,10,4.8,1584,2701.71,3,1
2,7,4.5,1584,2701.71,3,0
3,5,4.2,1584,2701.71,3,0
4,12,4.9,1584,2701.71,3,1
5,8,4.6,1584,2701.71,3,0
1,10,4.8,1537,4138.95,3,1
2,7,4.5,1537,4138.95,3,0
3,5,4.2,1537,4138.95,3,0
4,12,4.9,1537,4138.95,3,1
5,8,4.6,1537,4138.95,3,0
1,10,4.8,1153,2823.44,3,1
2,7,4.5,1153,2823.44,3,0
3,5,4.2,1153,2823.44,3,0
4,12,4.9,1153,2823.44,3,1
5,8,4.6,1153,2823.44,3,0
1,10,4.8,439,1096.64,3,1
2,7,4.5,439,1096.64,3,0
3,5,4.2,439,1096.64,3,0
4,12,4.9,439,1096.64,3,1
5,8,4.6,439,1096.64,3,0
1,10,4.8,370,824.0,2,0
2,7,4.5,370,824.0,2,0
3,5,4.2,370,824.0,2,0
4,12,4.9,370,824.0,2,0
5,8,4.6,370,824.0,2,1
1,10,4.8,380,701.48,1,0
2,7,4.5,380,701.48,1,0
3,5,4.2,380,701.48,1,0
4,12,4.9,380,701.48,1,0
5,8,4.6,380,701.48,1,1
1,10,4.8,953,2037.65,2,0
2,7,4.5,953,2037.65,2,0
3,5,4.2,953,2037.65,2,0
4,12,4.9,953,2037.65,2,0
5,8,4.6,953,2037.65,2,1
1,10,4.8,1451,2557.17,2,0
2,7,4.5,1451,2557.17,2,0
3,5,4.2,1451,2557.17,2,0
4,12,4.9,1451,2557.17,2,0
5,8,4.6,1451,2557.17,2,0
1,10,4.8,696,1547.21,2,0
2,7,4.5,696,1547.21,2,0
3,5,4.2,696,1547.21,2,0
4,12,4.9,696,1547.21,2,0
5,8,4.6,696,1547.21,2,0
1,10,4.8,946,1883.81,2,0
2,7,4.5,946,1883.81,2,0
3,5,4.2,946,1883.81,2,0
4,12,4.9,946,1883.81,2,0
5,8,4.6,946,1883.81,2,1
1,10,4.8,1819,3497.73,3,1
2,7,4.5,1819,3497.73,3,0
3,5,4.2,1819,3497.73,3,0
4,12,4.9,1819,3497.73,3,1
5,8,4.6,1819,3497.73,3,0
1,10,4.8,1029,2807.99,2,0
2,7,4.5,1029,2807.99,2,0
3,5,4.2,1029,2807.99,2,0
4,12,4.9,1029,2807.99,2,0
5,8,4.6,1029,2807.99,2,0
1,10,4.8,790,1368.61,3,1
2,7,4.5,790,1368.61,3,0
3,5,4.2,790,1368.61,3,0
4,12,4.9,790,1368.61,3,1
5,8,4.6,790,1368.61,3,0
1,10,4.8,2041,5889.22,2,0
2,7,4.5,2041,5889.22,2,0
3,5,4.2,2041,5889.22,2,0
4,12,4.9,2041,5889.22,2,0
5,8,4.6,2041,5889.22,2,0
1,10,4.8,1191,3244.93,1,1
2,7,4.5,1191,3244.93,1,0
3,5,4.2,1191,3244.93,1,0
4,12,4.9,1191,3244.93,1,0
5,8,4.6,1191,3244.93,1,0
1,10,4.8,1777,2740.64,1,0
2,7,4.5,1777,2740.64,1,0
3,5,4.2,1777,2740.64,1,0
4,12,4.9,1777,2740.64,1,1
5,8,4.6,1777,2740.64,1,0
1,10,4.8,207,324.49,1,0
2,7,4.5,207,324.49,1,0
3,5,4.2,207,324.49,1,0
4,12,4.9,207,324.49,1,0
5,8,4.6,207,324.49,1,0
1,10,4.8,1170,2058.12,2,0
2,7,4.5,1170,2058.12,2,0
3,5,4.2,1170,2058.12,2,0
4,12,4.9,1170,2058.12,2,0
5,8,4.6,1170,2058.12,2,0
1,10,4.8,280,511.7,2,0
2,7,4.5,280,511.7,2,0
3,5,4.2,280,511.7,2,0
4,12,4.9,280,511.7,2,0
5,8,4.6,280,511.7,2,0
1,10,4.8,1452,3750.2,3,1
2,7,4.5,1452,3750.2,3,0
3,5,4.2,1452,3750.2,3,0
4,12,4.9,1452,3750.2,3,1
5,8,4.6,1452,3750.2,3,0
1,10,4.8,2368,7828.3,3,1
2,7,4.5,2368,7828.3,3,0
3,5,4.2,2368,7828.3,3,0
4,12,4.9,2368,7828.3,3,1
5,8,4.6,2368,7828.3,3,0
1,10,4.8,653,1249.44,2,0
2,7,4.5,653,1249.44,2,0
3,5,4.2,653,1249.44,2,0
4,12,4.9,653,1249.44,2,0
5,8,4.6,653,1249.44,2,1
1,10,4.8,408,1047.25,1,0
2,7,4.5,408,1047.25,1,0
3,5,4.2,408,1047.25,1,0
4,12,4.9,408,1047.25,1,0
5,8,4.6,408,1047.25,1,1
1,10,4.8,1239,3060.56,2,0
2,7,4.5,1239,3060.56,2,0
3,5,4.2,1239,3060.56,2,0
4,12,4.9,1239,3060.56,2,0
5,8,4.6,1239,3060.56,2,1
1,10,4.8,242,575.38,1,0
2,7,4.5,242,575.38,1,0
3,5,4.2,242,575.38,1,0
4,12,4.9,242,575.38,1,1
5,8,4.6,242,575.38,1,0
1,10,4.8,1059,2436.01,2,0
2,7,4.5,1059,2436.01,2,0
3,5,4.2,1059,2436.01,2,0
4,12,4.9,1059,2436.01,2,1
5,8,4.6,1059,2436.01,2,0
1,10,4.8,1645,3811.7,2,0
2,7,4.5,1645,3811.7,2,0
3,5,4.2,1645,3811.7,2,0
4,12,4.9,1645,3811.7,2,0
5,8,4.6,1645,3811.7,2,0
1,10,4.8,1389,3463.35,1,0
2,7,4.5,1389,3463.35,1,0
3,5,4.2,1389,3463.35,1,0
4,12,4.9,1389,3463.35,1,0
5,8,4.6,1389,3463.35,1,1
1,10,4.8,2224,7508.15,1,0
2,7,4.5,2224,7508.15,1,0
3,5,4.2,2224,7508.15,1,0
4,12,4.9,2224,7508.15,1,1
5,8,4.6,2224,7508.15,1,0
1,10,4.8,2422,8186.5,1,1
2,7,4.5,2422,8186.5,1,0
3,5,4.2,2422,8186.5,1,0
4,12,4.9,2422,8186.5,1,0
5,8,4.6,2422,8186.5,1,0
1,10,4.8,1290,3025.55,1,0
2,7,4.5,1290,3025.55,1,0
3,5,4.2,1290,3025.55,1,0
4,12,4.9,1290,3025.55,1,0
5,8,4.6,1290,3025.55,1,0
1,10,4.8,1648,3273.51,3,1
2,7,4.5,1648,3273.51,3,0
3,5,4.2,1648,3273.51,3,0
4,12,4.9,1648,3273.51,3,1
5,8,4.6,1648,3273.51,3,0
1,10,4.8,1607,3017.96,3,1
2,7,4.5,1607,3017.96,3,0
3,5,4.2,1607,3017.96,3,0
4,12,4.9,1607,3017.96,3,1
5,8,4.6,1607,3017.96,3,0
1,10,4.8,1021,3074.24,1,0
2,7,4.5,1021,3074.24,1,0
3,5,4.2,1021,3074.24,1,0
4,12,4.9,1021,3074.24,1,0
5,8,4.6,1021,3074.24,1,0
1,10,4.8,1054,3150.11,1,0
2,7,4.5,1054,3150.11,1,0
3,5,4.2,1054,3150.11,1,0
4,12,4.9,1054,3150.11,1,0
5,8,4.6,1054,3150.11,1,1
1,10,4.8,1475,3776.98,3,1
2,7,4.5,1475,3776.98,3,0
3,5,4.2,1475,3776.98,3,0
4,12,4.9,1475,3776.98,3,1
5,8,4.6,1475,3776.98,3,1
1,10,4.8,623,1370.1,3,1
2,7,4.5,623,1370.1,3,0
3,5,4.2,623,1370.1,3,0
4,12,4.9,623,1370.1,3,1
5,8,4.6,623,1370.1,3,0
1,10,4.8,488,1690.45,2,0
2,7,4.5,488,1690.45,2,0
3,5,4.2,488,1690.45,2,0
4,12,4.9,488,1690.45,2,1
5,8,4.6,488,1690.45,2,0
1,10,4.8,416,1282.45,2,0
2,7,4.5,416,1282.45,2,0
3,5,4.2,416,1282.45,2,0
4,12,4.9,416,1282.45,2,0
5,8,4.6,416,1282.45,2,0
1,10,4.8,1891,3787.55,2,0
2,7,4.5,1891,3787.55,2,0
3,5,4.2,1891,3787.55,2,0
4,12,4.9,1891,3787.55,2,0
5,8,4.6,1891,3787.55,2,1
1,10,4.8,2346,6737.48,1,0
2,7,4.5,2346,6737.48,1,0
3,5,4.2,2346,6737.48,1,0
4,12,4.9,2346,6737.48,1,0
5,8,4.6,2346,6737.48,1,0
1,10,4.8,412,1191.14,1,0
2,7,4.5,412,1191.14,1,0
3,5,4.2,412,1191.14,1,0
4,12,4.9,412,1191.14,1,0
5,8,4.6,412,1191.14,1,0
1,10,4.8,146,331.49,1,0
2,7,4.5,146,331.49,1,0
3,5,4.2,146,331.49,1,0
4,12,4.9,146,331.49,1,0
5,8,4.6,146,331.49,1,0
1,10,4.8,2120,6422.45,3,1
2,7,4.5,2120,6422.45,3,0
3,5,4.2,2120,6422.45,3,0
4,12,4.9,2120,6422.45,3,1
5,8,4.6,2120,6422.45,3,0
1,10,4.8,708,1430.01,3,1
2,7,4.5,708,1430.01,3,0
3,5,4.2,708,1430.01,3,0
4,12,4.9,708,1430.01,3,1
5,8,4.6,708,1430.01,3,0
1,10,4.8,598,1065.97,2,1
2,7,4.5,598,1065.97,2,0
3,5,4.2,598,1065.97,2,0
4,12,4.9,598,1065.97,2,0
5,8,4.6,598,1065.97,2,0
1,10,4.8,1820,3254.59,3,1
2,7,4.5,1820,3254.59,3,0
3,5,4.2,1820,3254.59,3,0
4,12,4.9,1820,3254.59,3,1
5,8,4.6,1820,3254.59,3,0
1,10,4.8,564,1752.63,1,1
2,7,4.5,564,1752.63,1,0
3,5,4.2,564,1752.63,1,0
4,12,4.9,564,1752.63,1,0
5,8,4.6,564,1752.63,1,0
1,10,4.8,836,2351.15,1,0
2,7,4.5,836,2351.15,1,0
3,5,4.2,836,2351.15,1,0
4,12,4.9,836,2351.15,1,1
5,8,4.6,836,2351.15,1,0
1,10,4.8,602,1529.55,2,0
2,7,4.5,602,1529.55,2,0
3,5,4.2,602,1529.55,2,0
4,12,4.9,602,1529.55,2,0
5,8,4.6,602,1529.55,2,1
1,10,4.8,1384,2686.86,2,0
2,7,4.5,1384,2686.86,2,0
3,5,4.2,1384,2686.86,2,0
4,12,4.9,1384,2686.86,2,0
5,8,4.6,1384,2686.86,2,0
1,10,4.8,2056,6414.36,2,1
2,7,4.5,2056,6414.36,2,0
3,5,4.2,2056,6414.36,2,0
4,12,4.9,2056,6414.36,2,0
5,8,4.6,2056,6414.36,2,0
1,10,4.8,1713,5763.31,2,0
2,7,4.5,1713,5763.31,2,0
3,5,4.2,1713,5763.31,2,0
4,12,4.9,1713,5763.31,2,0
5,8,4.6,1713,5763.31,2,0
1,10,4.8,665,1288.05,1,0
2,7,4.5,665,1288.05,1,0
3,5,4.2,665,1288.05,1,0
4,12,4.9,665,1288.05,1,0
5,8,4.6,665,1288.05,1,1
1,10,4.8,2111,3863.13,1,0
2,7,4.5,2111,3863.13,1,0
3,5,4.2,2111,3863.13,1,0
4,12,4.9,2111,3863.13,1,0
5,8,4.6,2111,3863.13,1,1
1,10,4.8,254,656.85,1,0
2,7,4.5,254,656.85,1,0
3,5,4.2,254,656.85,1,0
4,12,4.9,254,656.85,1,1
5,8,4.6,254,656.85,1,0
1,10,4.8,2089,3743.66,2,0
2,7,4.5,2089,3743.66,2,0
3,5,4.2,2089,3743.66,2,0
4,12,4.9,2089,3743.66,2,0
5,8,4.6,2089,3743.66,2,0
1,10,4.8,1117,3192.66,1,0
2,7,4.5,1117,3192.66,1,0
3,5,4.2,1117,3192.66,1,0
4,12,4.9,1117,3192.66,1,0
5,8,4.6,1117,3192.66,1,0
1,10,4.8,166,348.77,1,1
2,7,4.5,166,348.77,1,0
3,5,4.2,166,348.77,1,0
4,12,4.9,166,348.77,1,0
5,8,4.6,166,348.77,1,0
1,10,4.8,383,612.42,3,1
2,7,4.5,383,612.42,3,0
3,5,4.2,383,612.42,3,0
4,12,4.9,383,612.42,3,1
5,8,4.6,383,612.42,3,0
1,10,4.8,392,1287.14,3,1
2,7,4.5,392,1287.14,3,0
3,5,4.2,392,1287.14,3,0
4,12,4.9,392,1287.14,3,1
5,8,4.6,392,1287.14,3,0
1,10,4.8,677,2003.16,3,1
2,7,4.5,677,2003.16,3,0
3,5,4.2,677,2003.16,3,0
4,12,4.9,677,2003.16,3,1
5,8,4.6,677,2003.16,3,0
1,10,4.8,1957,6627.68,3,1
2,7,4.5,1957,6627.68,3,0
3,5,4.2,1957,6627.68,3,0
4,12,4.9,1957,6627.68,3,1
5,8,4.6,1957,6627.68,3,0
1,10,4.8,167,555.42,3,1
2,7,4.5,167,555.42,3,0
3,5,4.2,167,555.42,3,0
4,12,4.9,167,555.42,3,1
5,8,4.6,167,555.42,3,0
1,10,4.8,863,2319.87,3,1
2,7,4.5,863,2319.87,3,0
3,5,4.2,863,2319.87,3,0
4,12,4.9,863,2319.87,3,1
5,8,4.6,863,2319.87,3,1
1,10,4.8,2276,4434.39,1,0
2,7,4.5,2276,4434.39,1,0
3,5,4.2,2276,4434.39,1,0
4,12,4.9,2276,4434.39,1,0
5,8,4.6,2276,4434.39,1,0
1,10,4.8,1803,3548.47,2,1
2,7,4.5,1803,3548.47,2,0
3,5,4.2,1803,3548.47,2,0
4,12,4.9,1803,3548.47,2,0
5,8,4.6,1803,3548.47,2,0
1,10,4.8,191,570.83,1,0
2,7,4.5,191,570.83,1,0
3,5,4.2,191,570.83,1,0
4,12,4.9,191,570.83,1,0
5,8,4.6,191,570.83,1,0
1,10,4.8,1340,4613.96,3,1
2,7,4.5,1340,4613.96,3,0
3,5,4.2,1340,4613.96,3,0
4,12,4.9,1340,4613.96,3,1
5,8,4.6,1340,4613.96,3,0
1,10,4.8,1870,6537.13,2,0
2,7,4.5,1870,6537.13,2,0
3,5,4.2,1870,6537.13,2,0
4,12,4.9,1870,6537.13,2,0
5,8,4.6,1870,6537.13,2,1
1,10,4.8,682,1320.09,3,1
2,7,4.5,682,1320.09,3,0
3,5,4.2,682,1320.09,3,0
4,12,4.9,682,1320.09,3,1
5,8,4.6,682,1320.09,3,0
1,10,4.8,226,684.1,3,1
2,7,4.5,226,684.1,3,0
3,5,4.2,226,684.1,3,0
4,12,4.9,226,684.1,3,1
5,8,4.6,226,684.1,3,1
1,10,4.8,449,1146.23,3,1
2,7,4.5,449,1146.23,3,0
3,5,4.2,449,1146.23,3,0
4,12,4.9,449,1146.23,3,1
5,8,4.6,449,1146.23,3,0
1,10,4.8,1077,3183.68,3,1
2,7,4.5,1077,3183.68,3,0
3,5,4.2,1077,3183.68,3,0
4,12,4.9,1077,3183.68,3,1
5,8,4.6,1077,3183.68,3,0
1,10,4.8,661,1577.17,2,0
2,7,4.5,661,1577.17,2,0
3,5,4.2,661,1577.17,2,0
4,12,4.9,661,1577.17,2,0
5,8,4.6,661,1577.17,2,0
1,10,4.8,1305,3162.81,2,1
2,7,4.5,1305,3162.81,2,0
3,5,4.2,1305,3162.81,2,0
4,12,4.9,1305,3162.81,2,0
5,8,4.6,1305,3162.81,2,0
1,10,4.8,455,704.05,2,0
2,7,4.5,455,704.05,2,0
3,5,4.2,455,704.05,2,0
4,12,4.9,455,704.05,2,0
5,8,4.6,455,704.05,2,0
1,10,4.8,2158,5481.56,3,1
2,7,4.5,2158,5481.56,3,0
3,5,4.2,2158,5481.56,3,0
4,12,4.9,2158,5481.56,3,1
5,8,4.6,2158,5481.56,3,0
1,10,4.8,666,1317.47,3,1
2,7,4.5,666,1317.47,3,0
3,5,4.2,666,1317.47,3,0
4,12,4.9,666,1317.47,3,1
5,8,4.6,666,1317.47,3,0
1,10,4.8,1608,4989.79,3,1
2,7,4.5,1608,4989.79,3,0
3,5,4.2,1608,4989.79,3,0
4,12,4.9,1608,4989.79,3,1
5,8,4.6,1608,4989.79,3,0
1,10,4.8,1973,4279.44,3,1
2,7,4.5,1973,4279.44,3,0
3,5,4.2,1973,4279.44,3,0
4,12,4.9,1973,4279.44,3,1
5,8,4.6,1973,4279.44,3,1
1,10,4.8,1782,5032.05,3,1
2,7,4.5,1782,5032.05,3,0
3,5,4.2,1782,5032.05,3,0
4,12,4.9,1782,5032.05,3,1
5,8,4.6,1782,5032.05,3,0
1,10,4.8,418,1293.23,3,1
2,7,4.5,418,1293.23,3,0
3,5,4.2,418,1293.23,3,0
4,12,4.9,418,1293.23,3,1
5,8,4.6,418,1293.23,3,0
1,10,4.8,2213,5298.39,3,1
2,7,4.5,2213,5298.39,3,0
3,5,4.2,2213,5298.39,3,0
4,12,4.9,2213,5298.39,3,1
5,8,4.6,2213,5298.39,3,0
1,10,4.8,1136,3585.5,3,1
2,7,4.5,1136,3585.5,3,0
3,5,4.2,1136,3585.5,3,0
4,12,4.9,1136,3585.5,3,1
5,8,4.6,1136,3585.5,3,0
1,10,4.8,1086,3340.88,3,1
2,7,4.5,1086,3340.88,3,0
3,5,4.2,1086,3340.88,3,0
4,12,4.9,1086,3340.88,3,1
5,8,4.6,1086,3340.88,3,0
1,10,4.8,165,447.08,2,0
2,7,4.5,165,447.08,2,0
3,5,4.2,165,447.08,2,0
4,12,4.9,165,447.08,2,0
5,8,4.6,165,447.08,2,0
1,10,4.8,2127,3766.31,1,1
2,7,4.5,2127,3766.31,1,0
3,5,4.2,2127,3766.31,1,0
4,12,4.9,2127,3766.31,1,0
5,8,4.6,2127,3766.31,1,0
1,10,4.8,1760,4114.73,1,1
2,7,4.5,1760,4114.73,1,0
3,5,4.2,1760,4114.73,1,0
4,12,4.9,1760,4114.73,1,0
5,8,4.6,1760,4114.73,1,0
1,10,4.8,203,662.9,2,0
2,7,4.5,203,662.9,2,0
3,5,4.2,203,662.9,2,0
4,12,4.9,203,662.9,2,0
5,8,4.6,203,662.9,2,0
1,10,4.8,1010,3527.51,2,0
2,7,4.5,1010,3527.51,2,0
3,5,4.2,1010,3527.51,2,0
4,12,4.9,1010,3527.51,2,0
5,8,4.6,1010,3527.51,2,0
1,10,4.8,1315,3915.63,2,0
2,7,4.5,1315,3915.63,2,0
3,5,4.2,1315,3915.63,2,0
4,12,4.9,1315,3915.63,2,1
5,8,4.6,1315,3915.63,2,0
1,10,4.8,2219,4689.63,3,1
2,7,4.5,2219,4689.63,3,0
3,5,4.2,2219,4689.63,3,0
4,12,4.9,2219,4689.63,3,1
5,8,4.6,2219,4689.63,3,1
1,10,4.8,147,504.5,2,0
2,7,4.5,147,504.5,2,0
3,5,4.2,147,504.5,2,0
4,12,4.9,147,504.5,2,0
5,8,4.6,147,504.5,2,0
1,10,4.8,245,799.86,1,0
2,7,4.5,245,799.86,1,0
3,5,4.2,245,799.86,1,0
4,12,4.9,245,799.86,1,0
5,8,4.6,245,799.86,1,0
1,10,4.8,125,251.25,1,0
2,7,4.5,125,251.25,1,0
3,5,4.2,125,251.25,1,0
4,12,4.9,125,251.25,1,0
5,8,4.6,125,251.25,1,1
1,10,4.8,1575,3145.43,1,0
2,7,4.5,1575,3145.43,1,0
3,5,4.2,1575,3145.43,1,0
4,12,4.9,1575,3145.43,1,0
5,8,4.6,1575,3145.43,1,0
1,10,4.8,760,1815.66,1,0
2,7,4.5,760,1815.66,1,0
3,5,4.2,760,1815.66,1,0
4,12,4.9,760,1815.66,1,1
5,8,4.6,760,1815.66,1,0
1,10,4.8,2237,5673.07,2,0
2,7,4.5,2237,5673.07,2,0
3,5,4.2,2237,5673.07,2,0
4,12,4.9,2237,5673.07,2,0
5,8,4.6,2237,5673.07,2,0
1,10,4.8,1584,5357.57,2,0
2,7,4.5,1584,5357.57,2,0
3,5,4.2,1584,5357.57,2,0
4,12,4.9,1584,5357.57,2,0
5,8,4.6,1584,5357.57,2,0
1,10,4.8,2141,7231.06,1,0
2,7,4.5,2141,7231.06,1,0
3,5,4.2,2141,7231.06,1,0
4,12,4.9,2141,7231.06,1,0
5,8,4.6,2141,7231.06,1,0
1,10,4.8,1257,3396.14,1,0
2,7,4.5,1257,3396.14,1,0
3,5,4.2,1257,3396.14,1,0
4,12,4.9,1257,3396.14,1,0
5,8,4.6,1257,3396.14,1,0
1,10,4.8,367,856.6,1,0
2,7,4.5,367,856.6,1,0
3,5,4.2,367,856.6,1,0
4,12,4.9,367,856.6,1,0
5,8,4.6,367,856.6,1,0
1,10,4.8,628,1296.37,1,0
2,7,4.5,628,1296.37,1,0
3,5,4.2,628,1296.37,1,0
4,12,4.9,628,1296.37,1,0
5,8,4.6,628,1296.37,1,0
1,10,4.8,1133,3704.96,3,1
2,7,4.5,1133,3704.96,3,0
3,5,4.2,1133,3704.96,3,0
4,12,4.9,1133,3704.96,3,1
5,8,4.6,1133,3704.96,3,0
1,10,4.8,2406,8190.07,3,1
2,7,4.5,2406,8190.07,3,0
3,5,4.2,2406,8190.07,3,0
4,12,4.9,2406,8190.07,3,1
5,8,4.6,2406,8190.07,3,0
1,10,4.8,803,2026.39,1,0
2,7,4.5,803,2026.39,1,0
3,5,4.2,803,2026.39,1,0
4,12,4.9,803,2026.39,1,0
5,8,4.6,803,2026.39,1,0
1,10,4.8,285,992.65,3,1
2,7,4.5,285,992.65,3,0
3,5,4.2,285,992.65,3,0
4,12,4.9,285,992.65,3,1
5,8,4.6,285,992.65,3,0
1,10,4.8,2394,7451.81,1,0
2,7,4.5,2394,7451.81,1,0
3,5,4.2,2394,7451.81,1,0
4,12,4.9,2394,7451.81,1,0
5,8,4.6,2394,7451.81,1,0
1,10,4.8,885,2179.67,3,1
2,7,4.5,885,2179.67,3,0
3,5,4.2,885,2179.67,3,0
4,12,4.9,885,2179.67,3,1
5,8,4.6,885,2179.67,3,0
1,10,4.8,2189,3687.73,1,0
2,7,4.5,2189,3687.73,1,0
3,5,4.2,2189,3687.73,1,0
4,12,4.9,2189,3687.73,1,0
5,8,4.6,2189,3687.73,1,0
1,10,4.8,495,1523.25,1,0
2,7,4.5,495,1523.25,1,0
3,5,4.2,495,1523.25,1,0
4,12,4.9,495,1523.25,1,0
5,8,4.6,495,1523.25,1,0
1,10,4.8,824,2485.67,3,1
2,7,4.5,824,2485.67,3,0
3,5,4.2,824,2485.67,3,0
4,12,4.9,824,2485.67,3,1
5,8,4.6,824,2485.67,3,0
1,10,4.8,2274,3466.89,1,0
2,7,4.5,2274,3466.89,1,0
3,5,4.2,2274,3466.89,1,0
4,12,4.9,2274,3466.89,1,0
5,8,4.6,2274,3466.89,1,0
1,10,4.8,1420,4923.13,2,1
2,7,4.5,1420,4923.13,2,0
3,5,4.2,1420,4923.13,2,0
4,12,4.9,1420,4923.13,2,0
5,8,4.6,1420,4923.13,2,0
1,10,4.8,227,578.5,3,1
2,7,4.5,227,578.5,3,0
3,5,4.2,227,578.5,3,0
4,12,4.9,227,578.5,3,1
5,8,4.6,227,578.5,3,0
1,10,4.8,993,3255.07,3,1
2,7,4.5,993,3255.07,3,0
3,5,4.2,993,3255.07,3,0
4,12,4.9,993,3255.07,3,1
5,8,4.6,993,3255.07,3,0
1,10,4.8,646,1632.71,3,1
2,7,4.5,646,1632.71,3,0
3,5,4.2,646,1632.71,3,0
4,12,4.9,646,1632.71,3,1
5,8,4.6,646,1632.71,3,0
1,10,4.8,1571,4712.14,3,1
2,7,4.5,1571,4712.14,3,0
3,5,4.2,1571,4712.14,3,0
4,12,4.9,1571,4712.14,3,1
5,8,4.6,1571,4712.14,3,1
1,10,4.8,1827,4289.95,2,0
2,7,4.5,1827,4289.95,2,0
3,5,4.2,1827,4289.95,2,0
4,12,4.9,1827,4289.95,2,0
5,8,4.6,1827,4289.95,2,1
1,10,4.8,2426,7556.9,2,1
2,7,4.5,2426,7556.9,2,0
3,5,4.2,2426,7556.9,2,0
4,12,4.9,2426,7556.9,2,0
5,8,4.6,2426,7556.9,2,0
1,10,4.8,1768,3260.06,3,1
2,7,4.5,1768,3260.06,3,0
3,5,4.2,1768,3260.06,3,0
4,12,4.9,1768,3260.06,3,1
5,8,4.6,1768,3260.06,3,0
1,10,4.8,1771,3134.02,3,1
2,7,4.5,1771,3134.02,3,0
3,5,4.2,1771,3134.02,3,0
4,12,4.9,1771,3134.02,3,1
5,8,4.6,1771,3134.02,3,0
1,10,4.8,1539,3929.84,1,0
2,7,4.5,1539,3929.84,1,0
3,5,4.2,1539,3929.84,1,0
4,12,4.9,1539,3929.84,1,0
5,8,4.6,1539,3929.84,1,1
1,10,4.8,227,760.15,2,0
2,7,4.5,227,760.15,2,0
3,5,4.2,227,760.15,2,0
4,12,4.9,227,760.15,2,0
5,8,4.6,227,760.15,2,0
1,10,4.8,489,765.79,1,0
2,7,4.5,489,765.79,1,0
3,5,4.2,489,765.79,1,0
4,12,4.9,489,765.79,1,0
5,8,4.6,489,765.79,1,0
1,10,4.8,264,487.74,3,1
2,7,4.5,264,487.74,3,0
3,5,4.2,264,487.74,3,0
4,12,4.9,264,487.74,3,1
5,8,4.6,264,487.74,3,0
1,10,4.8,2336,4784.1,2,1
2,7,4.5,2336,4784.1,2,0
3,5,4.2,2336,4784.1,2,0
4,12,4.9,2336,4784.1,2,0
5,8,4.6,2336,4784.1,2,0
1,10,4.8,561,1132.34,1,0
2,7,4.5,561,1132.34,1,0
3,5,4.2,561,1132.34,1,0
4,12,4.9,561,1132.34,1,0
5,8,4.6,561,1132.34,1,0
1,10,4.8,1966,4750.15,1,1
2,7,4.5,1966,4750.15,1,0
3,5,4.2,1966,4750.15,1,0
4,12,4.9,1966,4750.15,1,0
5,8,4.6,1966,4750.15,1,0
1,10,4.8,2247,5642.22,3,1
2,7,4.5,2247,5642.22,3,0
3,5,4.2,2247,5642.22,3,0
4,12,4.9,2247,5642.22,3,1
5,8,4.6,2247,5642.22,3,0
1,10,4.8,2217,7357.69,1,1
2,7,4.5,2217,7357.69,1,0
3,5,4.2,2217,7357.69,1,0
4,12,4.9,2217,7357.69,1,0
5,8,4.6,2217,7357.69,1,0
1,10,4.8,745,2322.55,2,0
2,7,4.5,745,2322.55,2,0
3,5,4.2,745,2322.55,2,0
4,12,4.9,745,2322.55,2,1
5,8,4.6,745,2322.55,2,0
1,10,4.8,1136,1891.01,2,0
2,7,4.5,1136,1891.01,2,0
3,5,4.2,1136,1891.01,2,0
4,12,4.9,1136,1891.01,2,0
5,8,4.6,1136,1891.01,2,0
1,10,4.8,2499,4427.2,1,0
2,7,4.5,2499,4427.2,1,0
3,5,4.2,2499,4427.2,1,0
4,12,4.9,2499,4427.2,1,0
5,8,4.6,2499,4427.2,1,0
1,10,4.8,176,558.49,3,1
2,7,4.5,176,558.49,3,0
3,5,4.2,176,558.49,3,0
4,12,4.9,176,558.49,3,1
5,8,4.6,176,558.49,3,0
1,10,4.8,765,1968.92,2,0
2,7,4.5,765,1968.92,2,0
3,5,4.2,765,1968.92,2,0
4,12,4.9,765,1968.92,2,0
5,8,4.6,765,1968.92,2,0
1,10,4.8,1370,2462.72,1,0
2,7,4.5,1370,2462.72,1,0
3,5,4.2,1370,2462.72,1,0
4,12,4.9,1370,2462.72,1,0
5,8,4.6,1370,2462.72,1,0
1,10,4.8,1626,3757.53,2,0
2,7,4.5,1626,3757.53,2,0
3,5,4.2,1626,3757.53,2,0
4,12,4.9,1626,3757.53,2,0
5,8,4.6,1626,3757.53,2,0
1,10,4.8,648,1626.46,1,0
2,7,4.5,648,1626.46,1,0
3,5,4.2,648,1626.46,1,0
4,12,4.9,648,1626.46,1,0
5,8,4.6,648,1626.46,1,1
1,10,4.8,2138,6388.37,2,0
2,7,4.5,2138,6388.37,2,0
3,5,4.2,2138,6388.37,2,0
4,12,4.9,2138,6388.37,2,0
5,8,4.6,2138,6388.37,2,0
1,10,4.8,2108,6911.89,3,1
2,7,4.5,2108,6911.89,3,0
3,5,4.2,2108,6911.89,3,0
4,12,4.9,2108,6911.89,3,1
5,8,4.6,2108,6911.89,3,0
1,10,4.8,2339,6460.11,3,1
2,7,4.5,2339,6460.11,3,0
3,5,4.2,2339,6460.11,3,0
4,12,4.9,2339,6460.11,3,1
5,8,4.6,2339,6460.11,3,0
1,10,4.8,2226,3538.59,2,0
2,7,4.5,2226,3538.59,2,0
3,5,4.2,2226,3538.59,2,0
4,12,4.9,2226,3538.59,2,0
5,8,4.6,2226,3538.59,2,1
1,10,4.8,792,2376.27,2,0
2,7,4.5,792,2376.27,2,0
3,5,4.2,792,2376.27,2,0
4,12,4.9,792,2376.27,2,0
5,8,4.6,792,2376.27,2,0
1,10,4.8,765,2318.7,1,0
2,7,4.5,765,2318.7,1,0
3,5,4.2,765,2318.7,1,0
4,12,4.9,765,2318.7,1,0
5,8,4.6,765,2318.7,1,0
1,10,4.8,1232,2721.14,3,1
2,7,4.5,1232,2721.14,3,0
3,5,4.2,1232,2721.14,3,0
4,12,4.9,1232,2721.14,3,1
5,8,4.6,1232,2721.14,3,0
1,10,4.8,1105,2814.47,3,1
2,7,4.5,1105,2814.47,3,0
3,5,4.2,1105,2814.47,3,0
4,12,4.9,1105,2814.47,3,1
5,8,4.6,1105,2814.47,3,0
1,10,4.8,2484,3823.39,1,0
2,7,4.5,2484,3823.39,1,0
3,5,4.2,2484,3823.39,1,0
4,12,4.9,2484,3823.39,1,0
5,8,4.6,2484,3823.39,1,0
1,10,4.8,136,355.34,2,0
2,7,4.5,136,355.34,2,0
3,5,4.2,136,355.34,2,0
4,12,4.9,136,355.34,2,1
5,8,4.6,136,355.34,2,0
1,10,4.8,1609,3913.26,2,1
2,7,4.5,1609,3913.26,2,0
3,5,4.2,1609,3913.26,2,0
4,12,4.9,1609,3913.26,2,0
5,8,4.6,1609,3913.26,2,0
1,10,4.8,642,1608.64,1,1
2,7,4.5,642,1608.64,1,0
3,5,4.2,642,1608.64,1,0
4,12,4.9,642,1608.64,1,0
5,8,4.6,642,1608.64,1,0
1,10,4.8,2485,5411.65,2,0
2,7,4.5,2485,5411.65,2,0
3,5,4.2,2485,5411.65,2,0
4,12,4.9,2485,5411.65,2,0
5,8,4.6,2485,5411.65,2,1
1,10,4.8,367,828.11,3,1
2,7,4.5,367,828.11,3,0
3,5,4.2,367,828.11,3,0
4,12,4.9,367,828.11,3,1
5,8,4.6,367,828.11,3,1
1,10,4.8,1507,2862.48,2,0
2,7,4.5,1507,2862.48,2,0
3,5,4.2,1507,2862.48,2,0
4,12,4.9,1507,2862.48,2,0
5,8,4.6,1507,2862.48,2,0
1,10,4.8,1760,5718.36,1,0
2,7,4.5,1760,5718.36,1,0
3,5,4.2,1760,5718.36,1,0
4,12,4.9,1760,5718.36,1,0
5,8,4.6,1760,5718.36,1,0
1,10,4.8,425,726.54,3,1
2,7,4.5,425,726.54,3,0
3,5,4.2,425,726.54,3,0
4,12,4.9,425,726.54,3,1
5,8,4.6,425,726.54,3,0
1,10,4.8,886,1332.97,1,0
2,7,4.5,886,1332.97,1,0
3,5,4.2,886,1332.97,1,0
4,12,4.9,886,1332.97,1,0
5,8,4.6,886,1332.97,1,1
1,10,4.8,692,1321.22,2,0
2,7,4.5,692,1321.22,2,0
3,5,4.2,692,1321.22,2,0
4,12,4.9,692,1321.22,2,0
5,8,4.6,692,1321.22,2,0
1,10,4.8,1869,3670.54,2,0
2,7,4.5,1869,3670.54,2,0
3,5,4.2,1869,3670.54,2,0
4,12,4.9,1869,3670.54,2,0
5,8,4.6,1869,3670.54,2,1
1,10,4.8,2040,3584.95,3,1
2,7,4.5,2040,3584.95,3,0
3,5,4.2,2040,3584.95,3,0
4,12,4.9,2040,3584.95,3,1
5,8,4.6,2040,3584.95,3,0
1,10,4.8,476,1616.52,2,0
2,7,4.5,476,1616.52,2,0
3,5,4.2,476,1616.52,2,0
4,12,4.9,476,1616.52,2,0
5,8,4.6,476,1616.52,2,1
1,10,4.8,2466,7185.81,2,0
2,7,4.5,2466,7185.81,2,0
3,5,4.2,2466,7185.81,2,0
4,12,4.9,2466,7185.81,2,0
5,8,4.6,2466,7185.81,2,0
1,10,4.8,704,1353.47,2,0
2,7,4.5,704,1353.47,2,0
3,5,4.2,704,1353.47,2,0
4,12,4.9,704,1353.47,2,1
5,8,4.6,704,1353.47,2,0
1,10,4.8,950,1857.05,2,0
2,7,4.5,950,1857.05,2,0
3,5,4.2,950,1857.05,2,0
4,12,4.9,950,1857.05,2,0
5,8,4.6,950,1857.05,2,1
1,10,4.8,805,2094.42,2,1
2,7,4.5,805,2094.42,2,0
3,5,4.2,805,2094.42,2,0
4,12,4.9,805,2094.42,2,0
5,8,4.6,805,2094.42,2,0
1,10,4.8,233,507.28,1,0
2,7,4.5,233,507.28,1,0
3,5,4.2,233,507.28,1,0
4,12,4.9,233,507.28,1,0
5,8,4.6,233,507.28,1,0
1,10,4.8,1538,3600.87,1,0
2,7,4.5,1538,3600.87,1,0
3,5,4.2,1538,3600.87,1,0
4,12,4.9,1538,3600.87,1,0
5,8,4.6,1538,3600.87,1,1
1,10,4.8,322,973.51,2,0
2,7,4.5,322,973.51,2,0
3,5,4.2,322,973.51,2,0
4,12,4.9,322,973.51,2,1
5,8,4.6,322,973.51,2,0
1,10,4.8,1896,6526.06,3,1
2,7,4.5,1896,6526.06,3,0
3,5,4.2,1896,6526.06,3,0
4,12,4.9,1896,6526.06,3,1
5,8,4.6,1896,6526.06,3,0
1,10,4.8,997,3196.79,2,0
2,7,4.5,997,3196.79,2,0
3,5,4.2,997,3196.79,2,0
4,12,4.9,997,3196.79,2,1
5,8,4.6,997,3196.79,2,0
1,10,4.8,2266,4943.65,3,1
2,7,4.5,2266,4943.65,3,0
3,5,4.2,2266,4943.65,3,0
4,12,4.9,2266,4943.65,3,1
5,8,4.6,2266,4943.65,3,0
1,10,4.8,1310,3070.43,1,0
2,7,4.5,1310,3070.43,1,0
3,5,4.2,1310,3070.43,1,0
4,12,4.9,1310,3070.43,1,0
5,8,4.6,1310,3070.43,1,0
1,10,4.8,148,476.26,2,0
2,7,4.5,148,476.26,2,0
3,5,4.2,148,476.26,2,0
4,12,4.9,148,476.26,2,0
5,8,4.6,148,476.26,2,0
1,10,4.8,1934,3262.85,3,1
2,7,4.5,1934,3262.85,3,0
3,5,4.2,1934,3262.85,3,0
4,12,4.9,1934,3262.85,3,1
5,8,4.6,1934,3262.85,3,0
1,10,4.8,1110,2015.09,2,0
2,7,4.5,1110,2015.09,2,0
3,5,4.2,1110,2015.09,2,0
4,12,4.9,1110,2015.09,2,0
5,8,4.6,1110,2015.09,2,1
1,10,4.8,2051,3938.22,3,1
2,7,4.5,2051,3938.22,3,0
3,5,4.2,2051,3938.22,3,0
4,12,4.9,2051,3938.22,3,1
5,8,4.6,2051,3938.22,3,0
1,10,4.8,2463,4609.09,2,0
2,7,4.5,2463,4609.09,2,0
3,5,4.2,2463,4609.09,2,0
4,12,4.9,2463,4609.09,2,0
5,8,4.6,2463,4609.09,2,1
1,10,4.8,1980,5994.62,2,0
2,7,4.5,1980,5994.62,2,0
3,5,4.2,1980,5994.62,2,0
4,12,4.9,1980,5994.62,2,0
5,8,4.6,1980,5994.62,2,0
1,10,4.8,1661,4021.26,2,0
2,7,4.5,1661,4021.26,2,0
3,5,4.2,1661,4021.26,2,0
4,12,4.9,1661,4021.26,2,0
5,8,4.6,1661,4021.26,2,0
1,10,4.8,2072,7174.37,3,1
2,7,4.5,2072,7174.37,3,0
3,5,4.2,2072,7174.37,3,0
4,12,4.9,2072,7174.37,3,1
5,8,4.6,2072,7174.37,3,0
1,10,4.8,1838,4148.14,1,0
2,7,4.5,1838,4148.14,1,0
3,5,4.2,1838,4148.14,1,0
4,12,4.9,1838,4148.14,1,0
5,8,4.6,1838,4148.14,1,0
1,10,4.8,2259,7371.6,2,1
2,7,4.5,2259,7371.6,2,0
3,5,4.2,2259,7371.6,2,0
4,12,4.9,2259,7371.6,2,0
5,8,4.6,2259,7371.6,2,0
1,10,4.8,1259,2640.61,1,0
2,7,4.5,1259,2640.61,1,0
3,5,4.2,1259,2640.61,1,0
4,12,4.9,1259,2640.61,1,0
5,8,4.6,1259,2640.61,1,0
1,10,4.8,764,1594.46,3,1
2,7,4.5,764,1594.46,3,0
3,5,4.2,764,1594.46,3,0
4,12,4.9,764,1594.46,3,1
5,8,4.6,764,1594.46,3,0
1,10,4.8,140,307.73,1,1
2,7,4.5,140,307.73,1,0
3,5,4.2,140,307.73,1,0
4,12,4.9,140,307.73,1,0
5,8,4.6,140,307.73,1,0
1,10,4.8,599,1353.54,3,1
2,7,4.5,599,1353.54,3,0
3,5,4.2,599,1353.54,3,0
4,12,4.9,599,1353.54,3,1
5,8,4.6,599,1353.54,3,0
1,10,4.8,1548,2741.14,3,1
2,7,4.5,1548,2741.14,3,0
3,5,4.2,1548,2741.14,3,0
4,12,4.9,1548,2741.14,3,1
5,8,4.6,1548,2741.14,3,0
1,10,4.8,1232,2726.67,3,1
2,7,4.5,1232,2726.67,3,0
3,5,4.2,1232,2726.67,3,0
4,12,4.9,1232,2726.67,3,1
5,8,4.6,1232,2726.67,3,0
1,10,4.8,925,1652.13,3,1
2,7,4.5,925,1652.13,3,0
3,5,4.2,925,1652.13,3,0
4,12,4.9,925,1652.13,3,1
5,8,4.6,925,1652.13,3,1
1,10,4.8,298,602.18,2,0
2,7,4.5,298,602.18,2,0
3,5,4.2,298,602.18,2,0
4,12,4.9,298,602.18,2,1
5,8,4.6,298,602.18,2,0
1,10,4.8,2418,5093.55,3,1
2,7,4.5,2418,5093.55,3,0
3,5,4.2,2418,5093.55,3,0
4,12,4.9,2418,5093.55,3,1
5,8,4.6,2418,5093.55,3,0
1,10,4.8,1665,4791.7,3,1
2,7,4.5,1665,4791.7,3,0
3,5,4.2,1665,4791.7,3,0
4,12,4.9,1665,4791.7,3,1
5,8,4.6,1665,4791.7,3,1
1,10,4.8,988,2437.81,1,0
2,7,4.5,988,2437.81,1,0
3,5,4.2,988,2437.81,1,0
4,12,4.9,988,2437.81,1,0
5,8,4.6,988,2437.81,1,0
1,10,4.8,1034,2357.32,1,1
2,7,4.5,1034,2357.32,1,0
3,5,4.2,1034,2357.32,1,0
4,12,4.9,1034,2357.32,1,0
5,8,4.6,1034,2357.32,1,0
1,10,4.8,241,424.97,2,1
2,7,4.5,241,424.97,2,0
3,5,4.2,241,424.97,2,0
4,12,4.9,241,424.97,2,0
5,8,4.6,241,424.97,2,0
1,10,4.8,804,2101.39,3,1
2,7,4.5,804,2101.39,3,0
3,5,4.2,804,2101.39,3,0
4,12,4.9,804,2101.39,3,1
5,8,4.6,804,2101.39,3,1
1,10,4.8,388,1086.85,1,1
2,7,4.5,388,1086.85,1,0
3,5,4.2,388,1086.85,1,0
4,12,4.9,388,1086.85,1,0
5,8,4.6,388,1086.85,1,0
1,10,4.8,2095,4463.64,3,1
2,7,4.5,2095,4463.64,3,0
3,5,4.2,2095,4463.64,3,0
4,12,4.9,2095,4463.64,3,1
5,8,4.6,2095,4463.64,3,0
1,10,4.8,2335,5788.88,3,1
2,7,4.5,2335,5788.88,3,0
3,5,4.2,2335,5788.88,3,0
4,12,4.9,2335,5788.88,3,1
5,8,4.6,2335,5788.88,3,0
1,10,4.8,431,663.71,1,0
2,7,4.5,431,663.71,1,0
3,5,4.2,431,663.71,1,0
4,12,4.9,431,663.71,1,1
5,8,4.6,431,663.71,1,0
1,10,4.8,100,241.94,1,0
2,7,4.5,100,241.94,1,0
3,5,4.2,100,241.94,1,0
4,12,4.9,100,241.94,1,0
5,8,4.6,100,241.94,1,0
1,10,4.8,2186,4678.76,3,1
2,7,4.5,2186,4678.76,3,0
3,5,4.2,2186,4678.76,3,0
4,12,4.9,2186,4678.76,3,1
5,8,4.6,2186,4678.76,3,0
1,10,4.8,831,2011.85,3,1
2,7,4.5,831,2011.85,3,0
3,5,4.2,831,2011.85,3,0
4,12,4.9,831,2011.85,3,1
5,8,4.6,831,2011.85,3,1
1,10,4.8,2163,4823.96,2,0
2,7,4.5,2163,4823.96,2,0
3,5,4.2,2163,4823.96,2,0
4,12,4.9,2163,4823.96,2,1
5,8,4.6,2163,4823.96,2,0
1,10,4.8,653,1415.68,3,1
2,7,4.5,653,1415.68,3,0
3,5,4.2,653,1415.68,3,0
4,12,4.9,653,1415.68,3,1
5,8,4.6,653,1415.68,3,0
1,10,4.8,303,566.07,1,1
2,7,4.5,303,566.07,1,0
3,5,4.2,303,566.07,1,0
4,12,4.9,303,566.07,1,0
5,8,4.6,303,566.07,1,0
1,10,4.8,906,2310.54,2,0
2,7,4.5,906,2310.54,2,0
3,5,4.2,906,2310.54,2,0
4,12,4.9,906,2310.54,2,1
5,8,4.6,906,2310.54,2,0
1,10,4.8,1752,4529.15,2,0
2,7,4.5,1752,4529.15,2,0
3,5,4.2,1752,4529.15,2,0
4,12,4.9,1752,4529.15,2,0
5,8,4.6,1752,4529.15,2,0
1,10,4.8,1649,4155.43,1,0
2,7,4.5,1649,4155.43,1,0
3,5,4.2,1649,4155.43,1,0
4,12,4.9,1649,4155.43,1,0
5,8,4.6,1649,4155.43,1,0
1,10,4.8,218,502.48,1,0
2,7,4.5,218,502.48,1,0
3,5,4.2,218,502.48,1,0
4,12,4.9,218,502.48,1,1
5,8,4.6,218,502.48,1,0
1,10,4.8,979,2758.2,3,1
2,7,4.5,979,2758.2,3,0
3,5,4.2,979,2758.2,3,0
4,12,4.9,979,2758.2,3,1
5,8,4.6,979,2758.2,3,0
1,10,4.8,1085,1860.24,1,0
2,7,4.5,1085,1860.24,1,0
3,5,4.2,1085,1860.24,1,0
4,12,4.9,1085,1860.24,1,0
5,8,4.6,1085,1860.24,1,0
1,10,4.8,905,2835.2,2,0
2,7,4.5,905,2835.2,2,0
3,5,4.2,905,2835.2,2,0
4,12,4.9,905,2835.2,2,0
5,8,4.6,905,2835.2,2,1
1,10,4.8,1201,1844.49,1,0
2,7,4.5,1201,1844.49,1,0
3,5,4.2,1201,1844.49,1,0
4,12,4.9,1201,1844.49,1,0
5,8,4.6,1201,1844.49,1,0
1,10,4.8,1455,4806.83,3,1
2,7,4.5,1455,4806.83,3,0
3,5,4.2,1455,4806.83,3,0
4,12,4.9,1455,4806.83,3,1
5,8,4.6,1455,4806.83,3,0
1,10,4.8,1234,2799.56,2,1
2,7,4.5,1234,2799.56,2,0
3,5,4.2,1234,2799.56,2,0
4,12,4.9,1234,2799.56,2,0
5,8,4.6,1234,2799.56,2,0
1,10,4.8,1830,2858.67,3,1
2,7,4.5,1830,2858.67,3,0
3,5,4.2,1830,2858.67,3,0
4,12,4.9,1830,2858.67,3,1
5,8,4.6,1830,2858.67,3,0
1,10,4.8,1835,5238.11,1,0
2,7,4.5,1835,5238.11,1,0
3,5,4.2,1835,5238.11,1,0
4,12,4.9,1835,5238.11,1,0
5,8,4.6,1835,5238.11,1,1
1,10,4.8,1609,3687.74,1,0
2,7,4.5,1609,3687.74,1,0
3,5,4.2,1609,3687.74,1,0
4,12,4.9,1609,3687.74,1,0
5,8,4.6,1609,3687.74,1,0
1,10,4.8,2291,5339.05,1,0
2,7,4.5,2291,5339.05,1,0
3,5,4.2,2291,5339.05,1,0
4,12,4.9,2291,5339.05,1,1
5,8,4.6,2291,5339.05,1,0
1,10,4.8,852,1950.8,3,1
2,7,4.5,852,1950.8,3,0
3,5,4.2,852,1950.8,3,0
4,12,4.9,852,1950.8,3,1
5,8,4.6,852,1950.8,3,0
1,10,4.8,777,2636.34,1,0
2,7,4.5,777,2636.34,1,0
3,5,4.2,777,2636.34,1,0
4,12,4.9,777,2636.34,1,0
5,8,4.6,777,2636.34,1,0
1,10,4.8,247,491.68,1,1
2,7,4.5,247,491.68,1,0
3,5,4.2,247,491.68,1,0
4,12,4.9,247,491.68,1,0
5,8,4.6,247,491.68,1,0
1,10,4.8,2048,4019.0,3,1
2,7,4.5,2048,4019.0,3,0
3,5,4.2,2048,4019.0,3,0
4,12,4.9,2048,4019.0,3,1
5,8,4.6,2048,4019.0,3,0
1,10,4.8,1926,4766.74,3,1
2,7,4.5,1926,4766.74,3,0
3,5,4.2,1926,4766.74,3,0
4,12,4.9,1926,4766.74,3,1
5,8,4.6,1926,4766.74,3,0
1,10,4.8,1932,4247.07,3,1
2,7,4.5,1932,4247.07,3,0
3,5,4.2,1932,4247.07,3,0
4,12,4.9,1932,4247.07,3,1
5,8,4.6,1932,4247.07,3,0
1,10,4.8,187,509.3,2,1
2,7,4.5,187,509.3,2,0
3,5,4.2,187,509.3,2,0
4,12,4.9,187,509.3,2,0
5,8,4.6,187,509.3,2,0
1,10,4.8,816,2396.99,1,0
2,7,4.5,816,2396.99,1,0
3,5,4.2,816,2396.99,1,0
4,12,4.9,816,2396.99,1,0
5,8,4.6,816,2396.99,1,1
1,10,4.8,500,1128.41,3,1
2,7,4.5,500,1128.41,3,0
3,5,4.2,500,1128.41,3,0
4,12,4.9,500,1128.41,3,1
5,8,4.6,500,1128.41,3,0
1,10,4.8,629,1676.12,3,1
2,7,4.5,629,1676.12,3,0
3,5,4.2,629,1676.12,3,0
4,12,4.9,629,1676.12,3,1
5,8,4.6,629,1676.12,3,0
1,10,4.8,2284,7319.56,1,0
2,7,4.5,2284,7319.56,1,0
3,5,4.2,2284,7319.56,1,0
4,12,4.9,2284,7319.56,1,0
5,8,4.6,2284,7319.56,1,1
1,10,4.8,1451,3153.77,2,0
2,7,4.5,1451,3153.77,2,0
3,5,4.2,1451,3153.77,2,0
4,12,4.9,1451,3153.77,2,0
5,8,4.6,1451,3153.77,2,1
1,10,4.8,1820,4670.62,3,1
2,7,4.5,1820,4670.62,3,0
3,5,4.2,1820,4670.62,3,0
4,12,4.9,1820,4670.62,3,1
5,8,4.6,1820,4670.62,3,0
1,10,4.8,642,1273.57,2,0
2,7,4.5,642,1273.57,2,0
3,5,4.2,642,1273.57,2,0
4,12,4.9,642,1273.57,2,0
5,8,4.6,642,1273.57,2,0
1,10,4.8,593,1687.96,2,0
2,7,4.5,593,1687.96,2,0
3,5,4.2,593,1687.96,2,0
4,12,4.9,593,1687.96,2,1
5,8,4.6,593,1687.96,2,0
1,10,4.8,2386,4389.77,3,1
2,7,4.5,2386,4389.77,3,0
3,5,4.2,2386,4389.77,3,0
4,12,4.9,2386,4389.77,3,1
5,8,4.6,2386,4389.77,3,0
1,10,4.8,806,1359.25,2,0
2,7,4.5,806,1359.25,2,0
3,5,4.2,806,1359.25,2,0
4,12,4.9,806,1359.25,2,0
5,8,4.6,806,1359.25,2,0
1,10,4.8,1649,5660.78,1,0
2,7,4.5,1649,5660.78,1,0
3,5,4.2,1649,5660.78,1,0
4,12,4.9,1649,5660.78,1,1
5,8,4.6,1649,5660.78,1,0
1,10,4.8,622,1931.46,2,0
2,7,4.5,622,1931.46,2,0
3,5,4.2,622,1931.46,2,0
4,12,4.9,622,1931.46,2,0
5,8,4.6,622,1931.46,2,0
1,10,4.8,876,1871.63,1,0
2,7,4.5,876,1871.63,1,0
3,5,4.2,876,1871.63,1,0
4,12,4.9,876,1871.63,1,0
5,8,4.6,876,1871.63,1,0
1,10,4.8,464,1621.45,1,0
2,7,4.5,464,1621.45,1,0
3,5,4.2,464,1621.45,1,0
4,12,4.9,464,1621.45,1,0
5,8,4.6,464,1621.45,1,0
1,10,4.8,839,2389.51,1,0
2,7,4.5,839,2389.51,1,0
3,5,4.2,839,2389.51,1,0
4,12,4.9,839,2389.51,1,1
5,8,4.6,839,2389.51,1,0
1,10,4.8,2257,7101.08,2,0
2,7,4.5,2257,7101.08,2,0
3,5,4.2,2257,7101.08,2,0
4,12,4.9,2257,7101.08,2,1
5,8,4.6,2257,7101.08,2,0
1,10,4.8,2184,7170.13,2,0
2,7,4.5,2184,7170.13,2,0
3,5,4.2,2184,7170.13,2,0
4,12,4.9,2184,7170.13,2,0
5,8,4.6,2184,7170.13,2,0
1,10,4.8,664,2074.92,1,0
2,7,4.5,664,2074.92,1,0
3,5,4.2,664,2074.92,1,0
4,12,4.9,664,2074.92,1,0
5,8,4.6,664,2074.92,1,0
1,10,4.8,2372,4427.31,3,1
2,7,4.5,2372,4427.31,3,0
3,5,4.2,2372,4427.31,3,0
4,12,4.9,2372,4427.31,3,1
5,8,4.6,2372,4427.31,3,0
1,10,4.8,1948,5194.99,2,0
2,7,4.5,1948,5194.99,2,0
3,5,4.2,1948,5194.99,2,0
4,12,4.9,1948,5194.99,2,0
5,8,4.6,1948,5194.99,2,1
1,10,4.8,564,1224.31,3,1
2,7,4.5,564,1224.31,3,0
3,5,4.2,564,1224.31,3,0
4,12,4.9,564,1224.31,3,1
5,8,4.6,564,1224.31,3,0
1,10,4.8,1053,2482.58,3,1
2,7,4.5,1053,2482.58,3,0
3,5,4.2,1053,2482.58,3,0
4,12,4.9,1053,2482.58,3,1
5,8,4.6,1053,2482.58,3,0
1,10,4.8,1705,3553.83,1,0
2,7,4.5,1705,3553.83,1,0
3,5,4.2,1705,3553.83,1,0
4,12,4.9,1705,3553.83,1,0
5,8,4.6,1705,3553.83,1,0
1,10,4.8,100,214.09,3,1
2,7,4.5,100,214.09,3,0
3,5,4.2,100,214.09,3,0
4,12,4.9,100,214.09,3,1
5,8,4.6,100,214.09,3,0
1,10,4.8,798,2424.86,1,0
2,7,4.5,798,2424.86,1,0
3,5,4.2,798,2424.86,1,0
4,12,4.9,798,2424.86,1,0
5,8,4.6,798,2424.86,1,0
1,10,4.8,1299,1991.31,2,1
2,7,4.5,1299,1991.31,2,0
3,5,4.2,1299,1991.31,2,0
4,12,4.9,1299,1991.31,2,0
5,8,4.6,1299,1991.31,2,0
1,10,4.8,2133,3288.15,2,0
2,7,4.5,2133,3288.15,2,0
3,5,4.2,2133,3288.15,2,0
4,12,4.9,2133,3288.15,2,0
5,8,4.6,2133,3288.15,2,0
1,10,4.8,856,2837.21,2,0
2,7,4.5,856,2837.21,2,0
3,5,4.2,856,2837.21,2,0
4,12,4.9,856,2837.21,2,0
5,8,4.6,856,2837.21,2,1
1,10,4.8,2066,5628.36,3,1
2,7,4.5,2066,5628.36,3,0
3,5,4.2,2066,5628.36,3,0
4,12,4.9,2066,5628.36,3,1
5,8,4.6,2066,5628.36,3,0
1,10,4.8,1060,2292.95,3,1
2,7,4.5,1060,2292.95,3,0
3,5,4.2,1060,2292.95,3,0
4,12,4.9,1060,2292.95,3,1
5,8,4.6,1060,2292.95,3,0
1,10,4.8,1064,1742.12,1,0
2,7,4.5,1064,1742.12,1,0
3,5,4.2,1064,1742.12,1,0
4,12,4.9,1064,1742.12,1,0
5,8,4.6,1064,1742.12,1,1
1,10,4.8,2133,6219.45,2,1
2,7,4.5,2133,6219.45,2,0
3,5,4.2,2133,6219.45,2,0
4,12,4.9,2133,6219.45,2,0
5,8,4.6,2133,6219.45,2,0
